id,from_id,date,text,post_id,owner_id,parents_stack,likes.can_like,likes.count,likes.user_likes,likes.can_publish,thread.count,thread.items,thread.can_post,thread.show_reply_button,attachments,deleted,thread.groups_can_post,reply_to_user,reply_to_comment,text_for_sentiment,sentiment_analysis_value,sentiment_analysis_score
11805918,448774202,1677679224,–≤–∏–¥–µ–æ,11805916.0,-59780149.0,[],1.0,1.0,0.0,1.0,2.0,"[{'id': 11806025, 'from_id': 695636723, 'date': 1677680366, 'text': '[id448774202|ÿßŸÇÿ±ÿ£], –∫–æ–Ω–∫—Ä–µ—Ç–Ω–æ —ç—Ç–æ–≥–æ –º–æ–º–µ–Ω—Ç–∞ –Ω–µ—Ç—É üòÑ', 'post_id': 11805916, 'owner_id': -59780149, 'parents_stack': [11805918], 'likes': {'can_like': 1, 'count': 0, 'user_likes': 0, 'can_publish': 1}, 'reply_to_user': 448774202, 'reply_to_comment': 11805918}, {'id': 11806031, 'from_id': 448774202, 'date': 1677680551, 'text': '[id695636723|–Ø—Ä–æ—Å–ª–∞–≤–∞], ü§£ü§£ü§£ü§£', 'post_id': 11805916, 'owner_id': -59780149, 'parents_stack': [11805918], 'likes': {'can_like': 1, 'count': 0, 'user_likes': 0, 'can_publish': 1}, 'reply_to_user': 695636723, 'reply_to_comment': 11806025}]",True,True,,,,,,–µ—Å—Ç—å –≤–∏–¥–µ–æ –∫–∞–∫ üö¥ ‚ùìü§£,NEUTRAL,0.8249918818473816
11805929,485842338,1677679368,—á–∏—Å—Ç–æ –∞–≤–µ—Ä—å—è–Ω–æ–≤–∫–∞ –≤–µ–ª–æ—Å–∏–ø–µ–¥,11805916.0,-59780149.0,[],1.0,1.0,0.0,1.0,1.0,"[{'id': 11806027, 'from_id': 695636723, 'date': 1677680478, 'text': '[id485842338|Ramazan], –Ω–∞ –†–µ—á–Ω–æ–µ —á–µ—Ä–µ–∑ –Æ–∂–Ω–æ–µ', 'post_id': 11805916, 'owner_id': -59780149, 'parents_stack': [11805929], 'likes': {'can_like': 1, 'count': 0, 'user_likes': 0, 'can_publish': 1}, 'reply_to_user': 485842338, 'reply_to_comment': 11805929}]",True,True,,,,,,—á–∏—Å—Ç–æ –ø–æ –∞–≤–µ—Ä—å—è–Ω–æ–≤–∫–µ –Ω–∞ –≤–µ–ª–æ—Å–∏–ø–µ–¥–µ,NEUTRAL,0.8132619857788086
11805945,448774202,1677679442,–∂–µ–Ω—Å–∫–∏–π,11805916.0,-59780149.0,[],1.0,1.0,0.0,1.0,0.0,[],True,True,,,,,,–∞ –∂–µ–Ω—Å–∫–∏–π,NEUTRAL,0.822213351726532
11805948,59924813,1677679455,—Å–∫–æ—Ä–æ —É–º–∏—Ä–∞—Ç—å –Ω–∞—É—á–∞—Ç—å—Å—è –∫–∞—Ç–∞—Ç—å—Å—è –≤–µ–ª–∏–∫ ...,11805916.0,-59780149.0,[],1.0,1.0,0.0,1.0,0.0,[],True,True,,,,,,—Å–∫–æ—Ä–æ —É–º–∏—Ä–∞—Ç—å –∞ –µ—â—ë –Ω–µ –Ω–∞—É—á–∏–ª–∞—Å—å –∫–∞—Ç–∞—Ç—å—Å—è –Ω–∞ –≤–µ–ª–∏–∫–µ,NEGATIVE,0.7515504956245422
11805962,493494091,1677679578,–≤–∞—Ä—è –æ—á–µ–Ω—å –∑–∞–±–∞–≤–Ω—ã–π —É—á–∏—Ç—å—Å—è,11805916.0,-59780149.0,[],1.0,1.0,0.0,1.0,0.0,[],True,True,,,,,,–≤–∞—Ä—è —ç—Ç–æ –æ—á–µ–Ω—å –∑–∞–±–∞–≤–Ω–æ –∫–æ–≥–¥–∞ —É—á–∏—à—å—Å—è –Ω–∞—á–∏–Ω–∞–π,NEUTRAL,0.7425310015678406
11805967,493494091,1677679604,—Å—Ç–æ–ø–∏—Ü–æ—Ç –ø–∞–¥–∞—Ç—å,11805916.0,-59780149.0,[],1.0,1.0,0.0,1.0,0.0,[],True,True,,,,,,—Å—Ç–æ–ø–∏—Ü–æ—Ç —Ä–∞–∑ –ø–∞–¥–∞–µ—à—å,NEGATIVE,0.7515778541564941
11805979,781634109,1677679651,–≥–æ–Ω—è—Ç—å –≤–µ–ª–∏–∫ –ø–æ–∑–¥–Ω–æ —á–∏—Å—Ç–æ —Ä–∞–±–æ—Ç–∞,11805916.0,-59780149.0,[],1.0,1.0,0.0,1.0,0.0,[],True,True,,,,,,—è —Ç–æ–∂–µ –≤—Å–µ–≥–¥–∞ —Ö–æ—Ç–µ–ª–∞ –≥–æ–Ω—è—Ç—å –Ω–∞ –≤–µ–ª–∏–∫–µ –º–æ–∂–µ—Ç –µ—â—ë –Ω–µ –ø–æ–∑–¥–Ω–æ —á–∏—Å—Ç–æ –Ω–∞ —Ä–∞–±–æ—Ç—É üö¥‚Äç‚ôÄÔ∏è,POSITIVE,0.9636122584342957
11805980,59924813,1677679654,–≤—Ä–∞—Ç—å ...,11805916.0,-59780149.0,[],1.0,1.0,0.0,1.0,0.0,[],True,True,,,,,,–¥–∞ –≤—ã –≤—Ä—ë—Ç–µ,NEGATIVE,0.7515231370925903
11805984,493494091,1677679681,—Ç–∏–ø —Ç–µ–º–∞ –ø–∏—Å–∞—Ç—å,11805916.0,-59780149.0,[],1.0,1.0,0.0,1.0,0.0,[],True,True,,,,,,—Ç–∏–ø–∞ –ø–æ —Ç–µ–º–µ –ø–∏—à–∏—Ç–µ,NEUTRAL,0.8303850889205933
11805987,493494091,1677679702,–≥–æ–≤–æ—Ä–∏—Ç—å –≤–µ–ª–æ—Å–∏–ø–µ–¥,11805916.0,-59780149.0,[],1.0,1.0,0.0,1.0,0.0,[],True,True,,,,,,—Ç–∞–∫ –º—ã –∏ –≥–æ–≤–æ—Ä–∏–ª–∏ –æ –≤–µ–ª–æ—Å–∏–ø–µ–¥–µ,NEUTRAL,0.8201373219490051
11805988,165021491,1677679705,—á–µ –ø–∏—Å–∞—Ç—å —Ç–µ–º–∞,11805916.0,-59780149.0,[],1.0,1.0,0.0,1.0,0.0,[],True,True,,,,,,—á—ë –ø–∏—Å–∞—Ç—å –ø–æ —Ç–µ–º–µ,NEGATIVE,0.7514753937721252
11805989,59924813,1677679706,—Ç–µ–º–∞ –∞–ª—ã–π ...,11805916.0,-59780149.0,[],1.0,1.0,0.0,1.0,0.0,[],True,True,,,,,,–ø–æ—Ç–æ–º—É —á—Ç–æ –Ω–µ –ø–æ —Ç–µ–º–µ –∞–ª–æ,NEUTRAL,0.8298799395561218
11805990,781634109,1677679708,–æ–±—ã—á–Ω–æ –ø–∞—Ä–∞ —Å–ª–æ–≤–æ —Ç–µ–º–∞ –∫–∞–∂–¥—ã–π —Å–≤–æ–µ,11805916.0,-59780149.0,[],1.0,2.0,0.0,1.0,0.0,[],True,True,,,,,,–∫–∞–∫ –æ–±—ã—á–Ω–æ –ø–∞—Ä—É —Å–ª–æ–≤ –ø–æ —Ç–µ–º–µ –ø–æ—Ç–æ–º –∫–∞–∂–¥—ã–π –æ —Å–≤–æ—ë–º,NEUTRAL,0.8275201916694641
11805993,448774202,1677679726,—Ç–µ–º–∞ –ø–µ—Ä–≤—ã–π –Ω–∞–ø–∏—Å–∞—Ç—å –æ—Å—Ç–∞–≤–ª—è—Ç—å,11805916.0,-59780149.0,[],1.0,1.0,0.0,1.0,0.0,[],True,True,,,,,,—Ç–µ–º—ã –∂–µ –Ω–µ—Ç –≤–æ—Ç —è –ø–µ—Ä–≤–∞—è –ø–æ —Ç–µ–±–µ –Ω–∞–ø–∏—Å–∞–ª–∞ –∏ –º–æ–π –æ—Å—Ç–∞–≤–∏–ª–∏ ü§£,POSITIVE,0.8407321572303772
11805997,59924813,1677679774,–±–∞—Ä–º–µ–Ω –Ω–∞–ª–∏–≤–∞—Ç—å ... —á–∞–π —Å–µ–≥–æ–¥–Ω—è –¥–æ–±—Ä—ã–π ...,11805916.0,-59780149.0,[],1.0,4.0,0.0,1.0,0.0,[],True,True,,,,,,–±–∞—Ä–º–µ–Ω –Ω–∞–ª–µ–π –≤—Å–µ–º –æ—Ç –º–µ–Ω—è—á–∞—é –≤—Å–µ–º —Å–µ–≥–æ–¥–Ω—è –¥–æ–±—Ä—ã–π —è,NEUTRAL,0.8235158920288086
11806005,574266478,1677679837,—á–µ —Ç–µ–º–∞ —Å–æ–≤–µ—Ç —Å–ø—Ä–∞—à–∏–≤–∞—Ç—å,11805916.0,-59780149.0,[],1.0,2.0,0.0,1.0,0.0,[],True,True,,,,,,–∞ —á–µ —Ç–∞–º –ø–æ —Ç–µ–º–µ —Å–æ–≤–µ—Ç –≤–µ–¥—å –Ω–µ —Å–ø—Ä–∞—à–∏–≤–∞—é—Ç,NEUTRAL,0.8303424119949341
11806006,493494091,1677679843,–∏–∫–∞—Ç—å,11805916.0,-59780149.0,[],1.0,1.0,0.0,1.0,0.0,[],True,True,,,,,,–∏–∫–∞–π —Ç–µ–ø–µ—Ä—å,NEUTRAL,0.5477545857429504
11806007,574266478,1677679864,–∑–µ–ª–µ–Ω—ã–π –¥–æ—Ä–æ–≥–∞ –≤–µ–ª–æ—Å–∏–ø–µ–¥–∏—Å—Ç–∫–∞,11805916.0,-59780149.0,[],1.0,3.0,0.0,1.0,1.0,"[{'id': 11806020, 'from_id': 695636723, 'date': 1677680207, 'text': '[id574266478|–ê–ª—å–±–∏], –º–µ—Ä—Å–∏ üíô', 'post_id': 11805916, 'owner_id': -59780149, 'parents_stack': [11806007], 'likes': {'can_like': 1, 'count': 1, 'user_likes': 0, 'can_publish': 1}, 'reply_to_user': 574266478, 'reply_to_comment': 11806007}]",True,True,,,,,,–∑–µ–ª—ë–Ω–æ–π –¥–æ—Ä–æ–≥–∏ –≤–µ–ª–æ—Å–∏–ø–µ–¥–∏—Å—Ç–∫–µ ‚úã,NEUTRAL,0.8249116539955139
11806008,451855293,1677679888,–∫–æ–º–º–µ–Ω—Ç–∏—Ä–æ–≤–∞—Ç—å,11805916.0,-59780149.0,[],1.0,1.0,0.0,1.0,0.0,[],True,True,,,,,,–∫–∞–∫ —ç—Ç–æ –∫–æ–º–º–µ–Ω—Ç–∏—Ä–æ–≤–∞—Ç—å,NEUTRAL,0.8309682607650757
11806011,448774202,1677679902,–ø–æ—Å–º–µ—è—Ç—å—Å—è,11805916.0,-59780149.0,[],1.0,4.0,0.0,1.0,0.0,[],True,True,,,,,,–ø–æ—Å–º–µ—è—Ç—å—Å—è,NEUTRAL,0.7983600497245789
11806012,474500696,1677679995,–ø–æ–Ω–∏–º–∞—Ç—å –≤—Å—Ç—Ä–µ—á–∞—Ç—å –¥–µ–¥—É—à–∫–∞ –≤–µ–ª–æ—Å–∏–ø–µ–¥–∏—Å—Ç –ø–æ–∫–∞–∑—ã–≤–∞—Ç—å v,11805916.0,-59780149.0,[],1.0,0.0,0.0,1.0,0.0,[],True,True,,,,,,–∞ –∫–∞–∫ –ø–æ–Ω—è—Ç—å –µ—Å–ª–∏ –≤—Å—Ç—Ä–µ—Ç–∏–ª–∞ –¥–µ–¥—É—à–∫—É –≤–µ–ª–æ—Å–∏–ø–µ–¥–∏—Å—Ç–∞ –∏ –æ–Ω –ø–æ–∫–∞–∑–∞–ª v,NEGATIVE,0.47811779379844666
11806013,290189663,1677680006,–ø–∞–∫–µ—Ç–∏–∫ —Ç–æ–ª–ø–∞,11805916.0,-59780149.0,[],1.0,0.0,0.0,1.0,0.0,[],True,True,,,,,,–æ–¥–∏–Ω –ø–∞–∫–µ—Ç–∏–∫ –Ω–∞ —Ç–æ–ª–ø—É,NEGATIVE,0.7514676451683044
11806017,778384895,1677680093,–æ–±–∏–∂–∞—Ç—å—Å—è,11805916.0,-59780149.0,[],1.0,0.0,0.0,1.0,0.0,[],True,True,,,,,,–Ω–∞ –º–µ–Ω—è –Ω–µ –æ–±–∏–∂–∞–π—Ç–µ—Å—å,POSITIVE,0.8956874012947083
11806018,641346373,1677680101,—Å–º–µ–ª—ã–π –∞–≤—Ç–æ—Ä,11805916.0,-59780149.0,[],1.0,1.0,0.0,1.0,4.0,"[{'id': 11806022, 'from_id': 695636723, 'date': 1677680267, 'text': '', 'post_id': 11805916, 'owner_id': -59780149, 'parents_stack': [11806018], 'attachments': [{'type': 'sticker', 'sticker': {'sticker_id': 73599, 'product_id': 1554, 'images': [{'url': 'https://sun1-91.userapi.com/y5Q3NymzkJzWEDlFSdMkX0qwTirqRLiWGL-YbQ/jlYLf-pku_c.png', 'width': 64, 'height': 64}, {'url': 'https://sun1-91.userapi.com/y5Q3NymzkJzWEDlFSdMkX0qwTirqRLiWGL-YbQ/jlYLf-pku_c.png', 'width': 128, 'height': 128}, {'url': 'https://sun1-91.userapi.com/y5Q3NymzkJzWEDlFSdMkX0qwTirqRLiWGL-YbQ/jlYLf-pku_c.png', 'width': 256, 'height': 256}, {'url': 'https://sun1-88.userapi.com/aZNORRDJQYQJtHlJMQOHDP8jPz7XpDTp7bMCXQ/DtbOHJ025BI.png', 'width': 352, 'height': 352}, {'url': 'https://sun1-88.userapi.com/aZNORRDJQYQJtHlJMQOHDP8jPz7XpDTp7bMCXQ/DtbOHJ025BI.png', 'width': 512, 'height': 512}], 'images_with_background': [{'url': 'https://sun1-86.userapi.com/DS9EDnhH-5Kzii0NJAKRWPChhgta3bS-OKJt4Q/cyIuiESY-ow.png', 'width': 64, 'height': 64}, {'url': 'https://sun1-86.userapi.com/DS9EDnhH-5Kzii0NJAKRWPChhgta3bS-OKJt4Q/cyIuiESY-ow.png', 'width': 128, 'height': 128}, {'url': 'https://sun1-86.userapi.com/DS9EDnhH-5Kzii0NJAKRWPChhgta3bS-OKJt4Q/cyIuiESY-ow.png', 'width': 256, 'height': 256}, {'url': 'https://sun1-13.userapi.com/yCMttQzqTM-E4a_Z8V4f3TWhu2VUGNPM8mQ5xg/B7--HZ6duDk.png', 'width': 352, 'height': 352}, {'url': 'https://sun1-13.userapi.com/yCMttQzqTM-E4a_Z8V4f3TWhu2VUGNPM8mQ5xg/B7--HZ6duDk.png', 'width': 512, 'height': 512}], 'is_allowed': True, 'render': {'id': '45987c5fd080c26319dfc536ae8515db', 'images': [{'url': 'https://sun1-86.userapi.com/DS9EDnhH-5Kzii0NJAKRWPChhgta3bS-OKJt4Q/cyIuiESY-ow.png', 'width': 256, 'height': 256, 'theme': 'dark'}, {'url': 'https://sun1-91.userapi.com/y5Q3NymzkJzWEDlFSdMkX0qwTirqRLiWGL-YbQ/jlYLf-pku_c.png', 'width': 256, 'height': 256, 'theme': 'light'}, {'url': 'https://sun1-88.userapi.com/aZNORRDJQYQJtHlJMQOHDP8jPz7XpDTp7bMCXQ/DtbOHJ025BI.png', 'width': 512, 'height': 512, 'theme': 'light'}, {'url': 'https://sun1-13.userapi.com/yCMttQzqTM-E4a_Z8V4f3TWhu2VUGNPM8mQ5xg/B7--HZ6duDk.png', 'width': 512, 'height': 512, 'theme': 'dark'}], 'is_stub': False, 'is_rendering': False}, 'vmoji': {'character_id': 'cead45a181dbee2010e471d292392d76'}}}], 'likes': {'can_like': 1, 'count': 1, 'user_likes': 0, 'can_publish': 1}, 'reply_to_user': 641346373, 'reply_to_comment': 11806018}, {'id': 11806113, 'from_id': 641346373, 'date': 1677684044, 'text': '[id695636723|–Ø—Ä–æ—Å–ª–∞–≤–∞], —è –∏ –Ω–µ –∑–Ω–∞–ª–∞ —á—Ç–æ —Ç—ã –∏–∑ –ö–∏–∑–ª—è—Ä–∞ , —è —Ç–æ–∂–µ —Ä—è–¥–æ–º –∂–∏–≤—É.', 'post_id': 11805916, 'owner_id': -59780149, 'parents_stack': [11806018], 'likes': {'can_like': 1, 'count': 0, 'user_likes': 0, 'can_publish': 1}, 'reply_to_user': 695636723, 'reply_to_comment': 11806022}, {'id': 11806133, 'from_id': 695636723, 'date': 1677684303, 'text': '[id641346373|Faina], —è –≤ —Å–∞–º–æ–º –≥–æ—Ä–æ–¥–µ –∂–∏–≤—É)', 'post_id': 11805916, 'owner_id': -59780149, 'parents_stack': [11806018], 'likes': {'can_like': 1, 'count': 0, 'user_likes': 0, 'can_publish': 1}, 'reply_to_user': 641346373, 'reply_to_comment': 11806113}, {'id': 11806139, 'from_id': 641346373, 'date': 1677684338, 'text': '–î–∞ , —è –ø–æ–Ω—è–ª–∞)', 'post_id': 11805916, 'owner_id': -59780149, 'parents_stack': [11806018], 'likes': {'can_like': 1, 'count': 0, 'user_likes': 0, 'can_publish': 1}, 'reply_to_user': 695636723, 'reply_to_comment': 11806133}]",True,True,,,,,,—Ç—ã —Å–º–µ–ª–∞—è –∞–≤—Ç–æ—Ä,POSITIVE,0.5903266072273254
11806024,731096264,1677680336,–≤–∏–¥–µ—Ç—å –≤–µ–ª–∏–∫ –¥–µ–≤—É—à–∫–∞ —Ö–∏–¥–∂–∞–±,11805916.0,-59780149.0,[],1.0,1.0,0.0,1.0,1.0,"[{'id': 11806028, 'from_id': 695636723, 'date': 1677680509, 'text': '[id731096264|Linda], –º–æ–≥—É –ø–æ–∫–∞–∑–∞—Ç—å üòÇ', 'post_id': 11805916, 'owner_id': -59780149, 'parents_stack': [11806024], 'likes': {'can_like': 1, 'count': 0, 'user_likes': 0, 'can_publish': 1}, 'reply_to_user': 731096264, 'reply_to_comment': 11806024}]",True,True,,,,,,–Ω–∏–∫–æ–≥–¥–∞ –Ω–µ –≤–∏–¥–µ–ª–∞ –Ω–∞ –≤–µ–ª–∏–∫–µ –¥–µ–≤—É—à–∫—É –≤ —Ö–∏–¥–∂–∞–±–µ,NEUTRAL,0.8270188570022583
11806026,756034795,1677680461,—Å–µ–≥–æ–¥–Ω—è –¥–µ–Ω—å —Å–∫–∞—á–∫–µ–∫ –±–∞—Ä—å–µ—Ä –≥–ª–∞–≤–Ω–æ–µ –∫–æ–ª–∏—á–µ—Å—Ç–≤–æ –∞–¥–º–∏–Ω –∫–∞—á–µ—Å—Ç–≤–æ –ø–æ—Å—Ç,11805916.0,-59780149.0,[],1.0,0.0,0.0,1.0,1.0,"[{'id': 11806076, 'from_id': 333396706, 'date': 1677682993, 'text': '[id756034795|Dai], –ø—Ä–∏—Å—ã–ª–∞–π –∫–∞—á–µ—Å—Ç–≤–µ–Ω–Ω—ã–µ –ø–æ—Å—Ç—ã', 'post_id': 11805916, 'owner_id': -59780149, 'parents_stack': [11806026], 'likes': {'can_like': 1, 'count': 0, 'user_likes': 0, 'can_publish': 1}, 'reply_to_user': 756034795, 'reply_to_comment': 11806026}]",True,True,,,,,,—Å–µ–≥–æ–¥–Ω—è –¥–µ–Ω—å —Å–∫–∞—á–∫–µ–∫ —Å –±–∞—Ä—å–µ—Ä–∞–º–∏ –≥–ª–∞–≤–Ω–æ–µ –Ω–µ –∫–æ–ª–∏—á–µ—Å—Ç–≤–æ –∞–¥–º–∏–Ω –∞ –∫–∞—á–µ—Å—Ç–≤–æ —Ç–µ–º –ø–æ—Å—Ç–æ–≤,NEUTRAL,0.8189262747764587
11806056,429148031,1677681436,–æ–π –≤–µ–ª–æ—Å–∏–ø–µ–¥,11805916.0,-59780149.0,[],1.0,0.0,0.0,1.0,0.0,[],True,True,,,,,,–æ–π–∫–∞–∫ —è —Ö–æ—á—É –≤–µ–ª–æ—Å–∏–ø–µ–¥,NEGATIVE,0.7515522837638855
11806058,59924813,1677681685,–æ—á–µ–Ω—å –∏–Ω—Ç–µ—Ä–µ—Å–Ω–æ –∫–æ–Ω–µ—Ü ...,11805916.0,-59780149.0,[],1.0,0.0,0.0,1.0,0.0,[],True,True,,,,,,–æ—á–µ–Ω—å –∏–Ω—Ç–µ—Ä–µ—Å–Ω–æ —á—Ç–æ –±—É–¥–µ—Ç –≤ –∫–æ–Ω—Ü–µ,NEUTRAL,0.805590808391571
11806060,59924813,1677681713,—Ç–∞–∫—Å–∏—Å—Ç –∏–¥–∏–æ—Ç ... –¥–æ–≥–æ–Ω—è–ª–∫–∏ –∏–≥—Ä–∞—Ç—å ...,11805916.0,-59780149.0,[],1.0,0.0,0.0,1.0,2.0,"[{'id': 11806064, 'from_id': 512849073, 'date': 1677682508, 'text': '[id59924813|–í–∞—Ä–≤–∞—Ä–∞], –ø–æ —à–µ–µ –¥–∞–π –¥–∞ –µ–º—É , –æ–Ω –ø—Ä–æ—Å—Ç–æ –≤ –≤–æ—Å—Ç–æ—Ä–≥–µ –æ—Ç —Ç–µ–±—è', 'post_id': 11805916, 'owner_id': -59780149, 'parents_stack': [11806060], 'likes': {'can_like': 1, 'count': 0, 'user_likes': 0, 'can_publish': 1}, 'reply_to_user': 59924813, 'reply_to_comment': 11806060}, {'id': 11806065, 'from_id': 59924813, 'date': 1677682536, 'text': '[id512849073|–†—É—Å–ª–∞–Ω], —è –µ–≥–æ –ø–æ—Ä—É–≥–∞–ª–∞...', 'post_id': 11805916, 'owner_id': -59780149, 'parents_stack': [11806060], 'likes': {'can_like': 1, 'count': 1, 'user_likes': 0, 'can_publish': 1}, 'reply_to_user': 512849073, 'reply_to_comment': 11806064}]",True,True,,,,,,—Ç–∞–∫—Å–∏—Å—Ç —Ç–∞–∫–æ–π –∏–¥–∏–æ—Ç–Ω–∞—á–∞–ª –≤ –¥–æ–≥–æ–Ω—è–ª–∫–∏ –∏–≥—Ä–∞—Ç—å,NEUTRAL,0.823212206363678
11806061,366884372,1677681853,–ø–∏—Å–∞—Ç—å —Ç–≤–æ–π –ª–µ–≤–æ –ø—Ä–∞–≤–æ —Å—Ç—ã–¥–Ω–æ –ø–æ–∫—Ä—ã–≤–∞—Ç—å –¥–µ–≤—É—à–∫–∞ –≤–µ–ª–∏–∫ –≥–æ–Ω—è—Ç—å,11805916.0,-59780149.0,[],1.0,0.0,0.0,1.0,1.0,"[{'id': 11806070, 'from_id': 695636723, 'date': 1677682832, 'text': '[id366884372|–õ–µ–π–ª–∞], –µ—â—ë –Ω–µ –ø–∏—Å–∞–ª–∏, –∂–¥—É üòÉ', 'post_id': 11805916, 'owner_id': -59780149, 'parents_stack': [11806061], 'likes': {'can_like': 1, 'count': 0, 'user_likes': 0, 'can_publish': 1}, 'reply_to_user': 366884372, 'reply_to_comment': 11806061}]",True,True,,,,,,—É–∂–µ –ø–∏—Å–∞–ª–∏ —Ç–≤–æ—é –∂ –ª–µ–≤–æ –Ω–∞ –ø—Ä–∞–≤–æ –∫–∞–∫ —Ç–µ–±–µ –Ω–µ —Å—Ç—ã–¥–Ω–æ –ø–æ–∫—Ä—ã—Ç–∞—è –¥–µ–≤—É—à–∫–∞ –Ω–∞ –≤–µ–ª–∏–∫–µ –≥–æ–Ω—è—Ç—å,NEUTRAL,0.8148525357246399
11806063,432726649,1677682183,—Ä–∞–¥ –∞–≤—Ç–æ—Ä –∏–Ω—Ñ –∂–∏—Ç—å —Å–º–æ—á—å,11805916.0,-59780149.0,[],1.0,4.0,0.0,1.0,0.0,[],True,True,,,,,,–∫–∞–∫ –º—ã —Ä–∞–¥—ã –∑–∞ –≤–∞—Å –∞–≤—Ç–æ—Ä –º—ã –±—ã –±–µ–∑ —ç—Ç–æ–π –∏–Ω—Ñ—ã –∂–∏—Ç—å –Ω–µ —Å–º–æ–≥–ª–∏,NEGATIVE,0.7512328028678894
11806066,777983958,1677682640,–ø–æ—Å—Ç,11805916.0,-59780149.0,[],1.0,0.0,0.0,1.0,0.0,[],True,True,,,,,,–æ —á—ë–º –ø–æ—Å—Ç,NEUTRAL,0.827541172504425
11806069,739884381,1677682802,—Å–º–µ–ª–æ,11805916.0,-59780149.0,[],1.0,0.0,0.0,1.0,0.0,[],True,True,,,,,,—Å–º–µ–ª–æ üò∫,POSITIVE,0.9769594073295593
11806085,674692572,1677683315,–ø–æ–∑–æ—Ä–∏—Ç—å,11805916.0,-59780149.0,[],1.0,1.0,0.0,1.0,0.0,[],True,True,,,,,,–∫–∞–∫ —Ç—ã –º–æ–≥–ª–∞ —Ç—ã –ø–æ–∑–æ—Ä–∏—à—å –≤—Å–µ—Ö,NEGATIVE,0.7515244483947754
11806196,777364941,1677685080,–ø–æ—Å—Ç —Ç–∏–Ω—Ç–æ –±—Ä–∞—Å—Å,11805916.0,-59780149.0,[],1.0,0.0,0.0,1.0,0.0,[],True,True,,,,,,–ø–æ—Å—Ç —Ç–∏–Ω—Ç–æ –±—Ä–∞—Å—Å–∞,NEUTRAL,0.8298294544219971
11806227,585813559,1677686247,–æ—á–µ–Ω—å –ª—é–±–∏—Ç—å –∫–∞—Ç–∞—Ç—å—Å—è –≤–µ–ª–∏–∫ –æ—â—É—â–µ–Ω–∏–µ —Å–≤–æ–±–æ–¥–∞ –ø–æ–ª–µ—Ç ... —Å–≤–µ—Ç–∏—Ç—å —Å–æ–ª–Ω—Ü–µ –∑–µ–ª–µ–Ω—å –∫—Ä—É—Ç–∏—Ç—å –ø–µ–¥–∞–ª–∏–∏–∏ )) –º–º–º,11805916.0,-59780149.0,[],1.0,2.0,0.0,1.0,2.0,"[{'id': 11807438, 'from_id': 674692572, 'date': 1677700150, 'text': '[id585813559|–§–∞—Ä–∏–¥–∞], –ø–æ–∑–æ—Ä', 'post_id': 11805916, 'owner_id': -59780149, 'parents_stack': [11806227], 'likes': {'can_like': 1, 'count': 0, 'user_likes': 0, 'can_publish': 1}, 'reply_to_user': 585813559, 'reply_to_comment': 11806227}, {'id': 11808409, 'from_id': 585813559, 'date': 1677722274, 'text': '[id674692572|–õ–µ–≤–∞–Ω], –≤–∞–π –≤–∞–π))', 'post_id': 11805916, 'owner_id': -59780149, 'parents_stack': [11806227], 'likes': {'can_like': 1, 'count': 0, 'user_likes': 0, 'can_publish': 1}, 'reply_to_user': 674692572, 'reply_to_comment': 11807438}]",True,True,,,,,,–æ—á–µ–Ω—å –ª—é–±–ª—é –∫–∞—Ç–∞—Ç—å—Å—è –Ω–∞ –≤–µ–ª–∏–∫–µ –æ—â—É—â–µ–Ω–∏–µ —Å–≤–æ–±–æ–¥—ã –ø–æ–ª–µ—Ç–∞ —á—Ç–æ –ª–∏ —Å–≤–µ—Ç–∏—Ç —Å–æ–ª–Ω—Ü–µ –∑–µ–ª–µ–Ω—å –∞ —Ç—ã –∫—Ä—É—Ç–∏—à—å –ø–µ–¥–∞–ª–∏–∏–∏–º–º–º,POSITIVE,0.8178566098213196
11807105,535151884,1677697421,—Å–º—ã—Å–ª –¥–∞–≥–µ—Å—Ç–∞–Ω –∂–µ–Ω—â–∏–Ω–∞ –∫–∞—Ç–∞—Ç—å—Å—è –≤–µ–ª–æ—Å–∏–ø–µ–¥ ???,11805916.0,-59780149.0,[],1.0,0.0,0.0,1.0,0.0,[],True,True,,,,,,–≤ —Å–º—ã—Å–ª–µ –∞ —á—Ç–æ –≤ –¥–∞–≥–µ—Å—Ç–∞–Ω–µ –∂–µ–Ω—â–∏–Ω—ã –Ω–µ –∫–∞—Ç–∞—é—Ç—Å—è –Ω–∞ –≤–µ–ª–æ—Å–∏–ø–µ–¥–µ,NEUTRAL,0.8261580467224121
9162813,467672734,1626184994,—Ü–µ–ª—ã–π –º–∞—Ç—å,9162800.0,-59780149.0,[],1.0,0.0,0.0,1.0,0.0,[],True,True,,,,,,—Ü–µ–ª–∞—è –º–∞—Ç—åü§î,NEUTRAL,0.46543624997138977
9162814,588401619,1626184999,—Ü–µ–ª—ã–π –≤—Ä–æ–¥–µ —Ö–æ—Ä–æ—à–∏–π –±–æ—è—Ç—å—Å—è –ø–æ–¥–ø—É—Å–∫–∞—Ç—å –∑—É–ª–∏–∫ —Å—Ç–∞–Ω–æ–≤–∏—Ç—å—Å—è –Ω–∞–∑—ã–≤–∞—Ç—å,9162800.0,-59780149.0,[],1.0,0.0,0.0,1.0,0.0,[],True,True,,,,,,–≤ —Ü–µ–ª–æ–º –≤—Ä–æ–¥–µ –≤—Å—ë –±—ã–ª–æ —Ö–æ—Ä–æ—à–æ –Ω–æ –æ–Ω–∞ –±–æ—è–ª–∞—Å—å –ø–æ–¥–ø—É—Å—Ç–∏—Ç—å –∑—É–ª–∏–∫–∞ –∫–∞–∫ –æ–Ω–∞ —É–∂–µ —Å—Ç–∞–ª–∞ –µ–≥–æ –Ω–∞–∑—ã–≤–∞—Ç—å,POSITIVE,0.8719373941421509
9162816,540010478,1626185024,–Ω–∏—á—Ç–æ —Å—Ä–∞–≤–Ω–µ–Ω–∏–µ —Å—Å–æ—Ä–∞ –ø—ç–¥–µ—à–Ω–∏–∫ ‚Ä¶ –ø—Ä–µ–¥–µ–ª –¥–∞–≥–µ—Å—Ç–∞–Ω –≤–æ–æ–±—â–µ –± –ø—Ä–æ—Å—Ç–æ –Ω–∞–µ–∑–∂–∞—Ç—å,9162800.0,-59780149.0,[],1.0,1.0,0.0,1.0,0.0,[],True,True,,,,,,—ç—Ç–æ –Ω–∏—á–µ–≥–æ –ø–æ —Å—Ä–∞–≤–Ω–µ–Ω–∏—é –∫–∞–∫ —Å—Å–æ—Ä–∞ –º–µ–∂–¥—É –ø—ç–¥–µ—à–Ω–∏–∫–∞–º–∏‚Ä¶                         –∞ –µ—Å–ª–∏ —Ç—ã –∑–∞ –ø—Ä–µ–¥–µ–ª–∞–º–∏ –¥–∞–≥–µ—Å—Ç–∞–Ω–∞ —Ç–æ –≤–æ–æ–±—â–µ –±–µ–∑ –± –ø—Ä–æ—Å—Ç–æ –Ω–∞–µ–¥—É—ÇüòÇ,POSITIVE,0.9665741324424744
9162822,588401619,1626185106,—Å–º—É—â–∞—Ç—å —Å—Ç–∞—Ä—ã–π –≥–æ–¥ –∂–∏—Ç—å –±–∞–±–∞—é—Ä—Ç–æ–≤—Å–∫–∏–π —Ä–∞–π–æ–Ω,9162800.0,-59780149.0,[],1.0,0.0,0.0,1.0,0.0,[],True,True,,,,,,–µ—ë —Å–º—É—â–∞–ª–æ –¥–∞–∂–µ –Ω–µ —Ç–æ —á—Ç–æ –æ–Ω —Å—Ç–∞—Ä—à–µ –Ω–µ—ë –Ω–∞  –ª–µ—Ç –∞ —Ç–æ —á—Ç–æ –æ–Ω –∂–∏–≤—ë—Ç –≤ –±–∞–±–∞—é—Ä—Ç–æ–≤—Å–∫–æ–º —Ä–∞–π–æ–Ω–µ,NEUTRAL,0.8224916458129883
9162824,227239364,1626185116,—Ñ–µ–π–∫,9162800.0,-59780149.0,[],1.0,1.0,0.0,1.0,0.0,[],True,True,"[{'type': 'photo', 'photo': {'album_id': -8, 'date': 1626185116, 'id': 457781756, 'owner_id': -59780149, 'access_key': '1166c33663b46be330', 'sizes': [{'height': 130, 'type': 'm', 'width': 61, 'url': 'https://sun9-13.userapi.com/impg/vPeYDqhjwqtXa80g8uY2GMYrzajGW0l-2iPkcg/s-lJvJh6qoY.jpg?size=61x130&quality=96&sign=4b5eeea3a2237d6f4eeb8e1818ad477e&c_uniq_tag=OZ1k5LPqqogtH3mVwp4VLXLTvhQxkaGnT5MIiGqyIio&type=album'}, {'height': 275, 'type': 'o', 'width': 130, 'url': 'https://sun9-13.userapi.com/impg/vPeYDqhjwqtXa80g8uY2GMYrzajGW0l-2iPkcg/s-lJvJh6qoY.jpg?size=130x275&quality=96&sign=6d0f5f554a1664a23801f3f6c5beeb1f&c_uniq_tag=D0yiOrR739uJsqROsB_EiIAKsvSky7uVPEoc0IrLv88&type=album'}, {'height': 423, 'type': 'p', 'width': 200, 'url': 'https://sun9-13.userapi.com/impg/vPeYDqhjwqtXa80g8uY2GMYrzajGW0l-2iPkcg/s-lJvJh6qoY.jpg?size=200x423&quality=96&sign=1405f596ea3224c3011880851f5e228e&c_uniq_tag=y73252pZ7WCrmhCKoB8Lc5Xcm4NzsOmv7AyofW2QEoY&type=album'}, {'height': 676, 'type': 'q', 'width': 320, 'url': 'https://sun9-13.userapi.com/impg/vPeYDqhjwqtXa80g8uY2GMYrzajGW0l-2iPkcg/s-lJvJh6qoY.jpg?size=320x676&quality=96&sign=a606a1abe28bee5ef6f3d0c67429d51d&c_uniq_tag=3bd-1t0AJ9ZgqSR_DvnQVT1C78dDycCyaIMu9k9acPA&type=album'}, {'height': 900, 'type': 'r', 'width': 510, 'url': 'https://sun9-13.userapi.com/impg/vPeYDqhjwqtXa80g8uY2GMYrzajGW0l-2iPkcg/s-lJvJh6qoY.jpg?size=510x900&quality=96&crop=0,0,757,1336&sign=18716549fa5f1db45d0ba5231f8547ad&c_uniq_tag=jOh2NdlpnGqyhgNP_jp3A5qD2jRYZ5B8OWs1LcIgB8s&type=album'}, {'height': 75, 'type': 's', 'width': 35, 'url': 'https://sun9-13.userapi.com/impg/vPeYDqhjwqtXa80g8uY2GMYrzajGW0l-2iPkcg/s-lJvJh6qoY.jpg?size=35x75&quality=96&sign=e94cb4de47fa22306ce51b37372feb05&c_uniq_tag=n6_THxNDGtmpclLHW5rex5JyLdWEkhF2eSiR8-1iD_o&type=album'}, {'height': 1600, 'type': 'w', 'width': 757, 'url': 'https://sun9-13.userapi.com/impg/vPeYDqhjwqtXa80g8uY2GMYrzajGW0l-2iPkcg/s-lJvJh6qoY.jpg?size=757x1600&quality=96&sign=1d96758a8282ece63768a0d940c82c65&c_uniq_tag=0YIIgwrDS7efe3aFmSS3unDGgqVMpeszEe6a0dSjeaU&type=album'}, {'height': 604, 'type': 'x', 'width': 286, 'url': 'https://sun9-13.userapi.com/impg/vPeYDqhjwqtXa80g8uY2GMYrzajGW0l-2iPkcg/s-lJvJh6qoY.jpg?size=286x604&quality=96&sign=d45e8facfa854e65f63eca54ddcd3080&c_uniq_tag=b08BX060-jvWEESbHlDhR38Ci8URB4lsFOxHz4cMVx8&type=album'}, {'height': 807, 'type': 'y', 'width': 382, 'url': 'https://sun9-13.userapi.com/impg/vPeYDqhjwqtXa80g8uY2GMYrzajGW0l-2iPkcg/s-lJvJh6qoY.jpg?size=382x807&quality=96&sign=83d9efab763a69c996dcad3d96a009b2&c_uniq_tag=5uj-U0hzZOZUWc-1L2tMvMqJno7cf964XgC05irUATA&type=album'}, {'height': 1080, 'type': 'z', 'width': 511, 'url': 'https://sun9-13.userapi.com/impg/vPeYDqhjwqtXa80g8uY2GMYrzajGW0l-2iPkcg/s-lJvJh6qoY.jpg?size=511x1080&quality=96&sign=982151895c128016cbabe473808186c4&c_uniq_tag=1lB7dreBiHjOSfuQCeWZde5tuXwxky0tOpJwhwlRjLU&type=album'}], 'text': '', 'user_id': 227239364, 'has_tags': False}}, {'type': 'photo', 'photo': {'album_id': -8, 'date': 1626185116, 'id': 457781757, 'owner_id': -59780149, 'access_key': '4ec33173117a59945a', 'sizes': [{'height': 130, 'type': 'm', 'width': 61, 'url': 'https://sun9-43.userapi.com/impg/Nh4ge48PZpiWluTtN7LILlByfWic0PHHF7exyA/b8jbEWU5P7g.jpg?size=61x130&quality=96&sign=3d021668109c571e005686fe508fe179&c_uniq_tag=V8P0EIJgCoagpYbDXvbDHBgnDXGoCUGuyQTmSx_8yvk&type=album'}, {'height': 275, 'type': 'o', 'width': 130, 'url': 'https://sun9-43.userapi.com/impg/Nh4ge48PZpiWluTtN7LILlByfWic0PHHF7exyA/b8jbEWU5P7g.jpg?size=130x275&quality=96&sign=51e75abd11316e961c5bba23d0273bc2&c_uniq_tag=c80R1HJnM7BmQ9tb-h8iEP4kUF2flCXl7jLST6Exr4M&type=album'}, {'height': 423, 'type': 'p', 'width': 200, 'url': 'https://sun9-43.userapi.com/impg/Nh4ge48PZpiWluTtN7LILlByfWic0PHHF7exyA/b8jbEWU5P7g.jpg?size=200x423&quality=96&sign=312b00f135ae59f893b64210eb94e56b&c_uniq_tag=Qdd4K55LAgvQCmpiagMFSN7OwZ5U1vPHpl8MWHVdMXs&type=album'}, {'height': 676, 'type': 'q', 'width': 320, 'url': 'https://sun9-43.userapi.com/impg/Nh4ge48PZpiWluTtN7LILlByfWic0PHHF7exyA/b8jbEWU5P7g.jpg?size=320x676&quality=96&sign=79887eafd3aa5231626d45a01f587b23&c_uniq_tag=Zy7RwGwSvNAs3SgNoi59VAbxT4zd5fy0bEXcWlWsBhI&type=album'}, {'height': 900, 'type': 'r', 'width': 510, 'url': 'https://sun9-43.userapi.com/impg/Nh4ge48PZpiWluTtN7LILlByfWic0PHHF7exyA/b8jbEWU5P7g.jpg?size=510x900&quality=96&crop=0,0,757,1336&sign=da8fb5315af2653026863d1bc9e00d93&c_uniq_tag=eclDJnLfAucEE_CdE7tPQoCvaGwlYzqLUBsKzQ_UF28&type=album'}, {'height': 75, 'type': 's', 'width': 35, 'url': 'https://sun9-43.userapi.com/impg/Nh4ge48PZpiWluTtN7LILlByfWic0PHHF7exyA/b8jbEWU5P7g.jpg?size=35x75&quality=96&sign=3e37214805139fd7a6c05a3e9361ed92&c_uniq_tag=0yJ--YaO-mJFi6hxQDSpNF-gcnK794Qd58zH47NrRWs&type=album'}, {'height': 1600, 'type': 'w', 'width': 757, 'url': 'https://sun9-43.userapi.com/impg/Nh4ge48PZpiWluTtN7LILlByfWic0PHHF7exyA/b8jbEWU5P7g.jpg?size=757x1600&quality=96&sign=f668fcbcd3aaa7bba459cd60f2ad9b59&c_uniq_tag=fQeSPkpfVd-ngjdNJ4AdSbJ1bnTsGD4m82-DpmzstuQ&type=album'}, {'height': 604, 'type': 'x', 'width': 286, 'url': 'https://sun9-43.userapi.com/impg/Nh4ge48PZpiWluTtN7LILlByfWic0PHHF7exyA/b8jbEWU5P7g.jpg?size=286x604&quality=96&sign=156fdf83314261949394b7009877905a&c_uniq_tag=JM-x-PyKDkS_tgyR6jWZT39_FIdcu5cCo8eqM7frDoA&type=album'}, {'height': 807, 'type': 'y', 'width': 382, 'url': 'https://sun9-43.userapi.com/impg/Nh4ge48PZpiWluTtN7LILlByfWic0PHHF7exyA/b8jbEWU5P7g.jpg?size=382x807&quality=96&sign=dffde6ef0167623acaf52411696205b2&c_uniq_tag=qtLTtAiwKD_TQhB-ivXq5aeymuvZ7nS-ao3al80TDqM&type=album'}, {'height': 1080, 'type': 'z', 'width': 511, 'url': 'https://sun9-43.userapi.com/impg/Nh4ge48PZpiWluTtN7LILlByfWic0PHHF7exyA/b8jbEWU5P7g.jpg?size=511x1080&quality=96&sign=85a26ef5ea413438597fce5c8947ea0f&c_uniq_tag=phxcgyGVu44AzwEAKsldaTS5DclaLx_7ZWm28WKpez0&type=album'}], 'text': '', 'user_id': 227239364, 'has_tags': False}}]",,,,,—Ñ–µ–π–∫,NEUTRAL,0.8218020796775818
9162828,562685735,1626185144,–ª–µ–Ω—å —á–∏—Ç–∞—Ç—å –∞–ø–∞—Ç–∏—è –ø–æ—Å—Ç,9162800.0,-59780149.0,[],1.0,0.0,0.0,1.0,0.0,[],True,True,,,,,,—Ç–∞–∫ –ª–µ–Ω—å —á–∏—Ç–∞—Ç—å –∞–ø–∞—Ç–∏—è —Ç–∞–∫–∞—è –æ —á–µ–º –ø–æ—Å—Ç,NEGATIVE,0.7516627907752991
9162833,588401619,1626185202,–∏–Ω–∞—á–µ —Å–µ—Ä–¥—Ü–µ –ø–æ–Ω–∏–º–∞—Ç—å —Ä–∞–∑—É–º –ø—Ä–∏–∫–∞–∑—ã–≤–∞—Ç—å –ø–æ–¥–¥–∞–≤–∞—Ç—å—Å—è –¥—É–Ω–æ–≤–µ–Ω–∏–µ —á—É–≤—Å—Ç–≤–æ —Å–∫–∞–∑–∞—Ç—å –Ω–æ—á–Ω–æ–π –ø–µ—Ä–µ–ø–∏—Å–∫–∞ –∑–∞–≤–µ—Ç–Ω—ã–π —É–≥—É,9162800.0,-59780149.0,[],1.0,0.0,0.0,1.0,0.0,[],True,True,,,,,,—Ç–∞–∫ –∏–ª–∏ –∏–Ω–∞—á–µ –µ—ë —Å–µ—Ä–¥—Ü–µ –ø–æ–Ω–∏–º–∞–ª–æ —á—Ç–æ —Ä–∞–∑—É–º –Ω–µ –ø—Ä–∏–∫–∞–∂–µ—Ç –∏ –æ–Ω–∞ –ø–æ–¥–¥–∞–ª–∞—Å—å –¥—É–Ω–æ–≤–µ–Ω–∏—é —á—É–≤—Å—Ç–≤ –∏ —Å–∫–∞–∑–∞–ª–∞ –µ–º—É –≤ –Ω–æ—á–Ω–æ–π –ø–µ—Ä–µ–ø–∏—Å–∫–µ –∑–∞–≤–µ—Ç–Ω–æ–µ —É–≥—É,NEUTRAL,0.7516946792602539
9162834,663530781,1626185203,–∫–æ–ª–µ—Å–æ —Å–Ω–∏–º–∞—Ç—å –ø–µ—à–∫–æ–º –µ–∑–¥–∏—Ç—å,9162800.0,-59780149.0,[],1.0,2.0,0.0,1.0,0.0,[],True,True,,,,,,–Ω–∞–¥–æ –±—ã–ª–æ –µ—â—ë –∫–æ–ª–µ—Å–∞ —Å–Ω—è—Ç—å —á—Ç–æ–± –ø–µ—à–∫–æ–º –µ–∑–¥–∏–ª,NEUTRAL,0.8302385807037354
9162837,489973829,1626185250,–º—É—Ä–∞ –≤–∞—Ü–∫–∞ –¥–∞–≤–∞—Ç—å –ø–µ—Ä–µ–∫—É—Ä,9162800.0,-59780149.0,[],1.0,1.0,0.0,1.0,0.0,[],True,True,,,,,,–º—É—Ä–∞ –≤–∞—Ü–æ–∫ –¥–∞–≤–∞–π –ø–µ—Ä–µ–∫—É—Äü§£,POSITIVE,0.9407029747962952
9162841,621316439,1626185267,–∫–∞–∑–∞—Ç—å—Å—è –ø–µ—à–µ—Ö–æ–¥ —Å–ª–∏—à–∫–æ–º –ø—Ä–∞–≤–æ –Ω–∏–∫–∞–∫–æ–π –æ–±—è–∑–∞–Ω–Ω–æ—Å—Ç—å ?!,9162800.0,-59780149.0,[],1.0,0.0,0.0,1.0,0.0,[],True,True,,,,,,–≤–∞–º –Ω–µ –∫–∞–∂–µ—Ç—Å—è —á—Ç–æ —É –ø–µ—à–µ—Ö–æ–¥–æ–≤ —Å–ª–∏—à–∫–æ–º –º–Ω–æ–≥–æ –ø—Ä–∞–≤ –∏ –Ω–∏–∫–∞–∫–∏—Ö –æ–±—è–∑–∞–Ω–Ω–æ—Å—Ç–µ–πüßê,POSITIVE,0.8672405481338501
9162843,588401619,1626185291,–∑—É–ª–ø–∞—à–∞—Ä —Å—ã—Ä–µ—Ü –ø–æ–Ω–∏–º–∞—Ç—å —Ö–æ–¥ –∑–∞–≤–∏—Å–µ—Ç—å –æ—Ç–∫—Ä—ã—Ç—ã–π –æ—Ç–ø—Ä–∞–≤–ª—è—Ç—å –≥—Å –¥–ª–∏–Ω–Ω—ã–π –º–∏–Ω—É—Ç–∞,9162800.0,-59780149.0,[],1.0,0.0,0.0,1.0,0.0,[],True,True,,,,,,–∑—É–ª–ø–∞—à–∞—Ä —Ç–æ–∂–µ –±—ã–ª –Ω–µ –∫–∞–∫–æ–π —Ç–æ —Ç–∞–º —Å—ã—Ä–µ—Ü –ø–æ–Ω–∏–º–∞—è —á—Ç–æ —Ç–µ–ø–µ—Ä—å –µ–≥–æ —Ö–æ–¥ –∏ –≤—Å—ë –∑–∞–≤–∏—Å–∏—Ç –æ—Ç –Ω–µ–≥–æ –æ–Ω –≤ –æ—Ç–∫—Ä—ã—Ç—É—é –æ—Ç–ø—Ä–∞–≤–∏–ª –≥—Å –¥–ª–∏–Ω–Ω–æ—é –≤  –º–∏–Ω—É—Ç,NEUTRAL,0.5246952176094055
9162845,540010478,1626185325,"–Ω–æ—Ä–≤–µ–≥–∏—è —Ä–æ—Å—Å–∏—è  ))
",9162800.0,-59780149.0,[],1.0,0.0,0.0,1.0,0.0,[],True,True,,,,,,–Ω–æ—Ä–≤–µ–≥–∏—è —ç—Ç–æ –∂–µ —Ä–æ—Å—Å–∏—è –¥–∞ –¥–∞ –∫–æ–Ω–µ—á–Ω–æ,NEUTRAL,0.7442994713783264
9162846,579038704,1626185373,–º–∞—Å–µ—á–∫–∞,9162800.0,-59780149.0,[],1.0,0.0,0.0,1.0,0.0,[],True,True,,,,,,–º–∞—Å–µ—á–∫–∞,POSITIVE,0.713292121887207
9162847,277970773,1626185395,—Å–±–∞–≥—Ä–∏–≤–∞—Ç—å —Å–∞–º–æ–∫–∞—Ç –ø—Ä–æ–∫–∞—Ç –∏–Ω–¥–µ–µ—Ü –º—á–∞—Ç—å—Å—è —à–∞—à–∫–∞ –µ–∑–¥–∏—Ç—å –∑—Ä—è –ø–∏—Ç–µ—Ä —à—Ç—Ä–∞—Ñ —Å—Ç–æ—è–Ω–∫–∞ –∑–∞–≥–æ–Ω—è—Ç—å,9162800.0,-59780149.0,[],1.0,2.0,0.0,1.0,0.0,[],True,True,,,,,,—Å–±–∞–≥—Ä–∏—Ç—å –Ω–∞–¥–æ —ç—Ç–∏ —Å–∞–º–æ–∫–∞—Ç—ã –∫–æ—Ç–æ—Ä—ã–µ –Ω–∞ –ø—Ä–æ–∫–∞—Ç –∫–∞–∫ –∏–Ω–¥–µ–π—Ü—ã –º—á–∞—Ç—Å—è –Ω–∞ –Ω–∏—Ö –µ—â—ë –∏ —à–∞—à–∫–∞–º–∏ –µ–∑–¥—è—Ç –Ω–µ –∑—Ä—è –∂ –∏—Ö –≤ –ø–∏—Ç–µ—Ä–µ –Ω–∞—á–∞–ª–∏ –Ω—É —à—Ç—Ä–∞—Ñ—Å—Ç–æ—è–Ω–∫—É –∑–∞–≥–æ–Ω—è—Ç—å,NEUTRAL,0.8011006712913513
9162850,579038704,1626185421,–º–∞–Ω—é–Ω–µ—á–∫–∞,9162800.0,-59780149.0,[],1.0,0.0,0.0,1.0,0.0,[],True,True,,,,,,–º–∞–Ω—é–Ω–µ—á–∫–∞,POSITIVE,0.5435373187065125
9162851,647682361,1626185433,–¥–æ—Ä–æ–∂–Ω—ã–π –≤–æ–π–Ω–∞,9162800.0,-59780149.0,[],1.0,0.0,0.0,1.0,0.0,[],True,True,,,,,,–¥–æ—Ä–æ–∂–Ω—ã–µ –≤–æ–π–Ω—ã,NEUTRAL,0.8267368674278259
9162852,196759065,1626185435,–ø–¥—à–Ω–∏—Ü–∞ –ø–æ–¥–µ–ª–∏—Ç—å –º—É–∂,9162800.0,-59780149.0,[],1.0,0.0,0.0,1.0,4.0,"[{'id': 9162856, 'from_id': 489973829, 'date': 1626185497, 'text': '[id196759065|–ê—Å–∞–¥], üòÇüòÇüòÇ', 'post_id': 9162800, 'owner_id': -59780149, 'parents_stack': [9162852], 'likes': {'can_like': 1, 'count': 0, 'user_likes': 0, 'can_publish': 1}, 'reply_to_user': 196759065, 'reply_to_comment': 9162852}, {'id': 9162857, 'from_id': 621316439, 'date': 1626185501, 'text': '[id196759065|–ê—Å–∞–¥], –ø–æ–∑–æ—Ä–Ω–∏–∫–∏ . –î–æ —á–µ–≥–æ —É–Ω–∏–∂–µ–Ω–Ω—ã–µ.', 'post_id': 9162800, 'owner_id': -59780149, 'parents_stack': [9162852], 'likes': {'can_like': 1, 'count': 0, 'user_likes': 0, 'can_publish': 1}, 'reply_to_user': 196759065, 'reply_to_comment': 9162852}, {'id': 9162864, 'from_id': 647682361, 'date': 1626185544, 'text': '[id196759065|–ê—Å–∞–¥], –ø–∞–∫–∏—Ä —Ç–∞–∫–∞—è', 'post_id': 9162800, 'owner_id': -59780149, 'parents_stack': [9162852], 'likes': {'can_like': 1, 'count': 0, 'user_likes': 0, 'can_publish': 1}, 'reply_to_user': 196759065, 'reply_to_comment': 9162852}, {'id': 9163102, 'from_id': 661708126, 'date': 1626187916, 'text': '[id196759065|–ê—Å–∞–¥], –∫–æ–≥–¥–∞ –ø–æ–Ω–∏–º–∞–µ—à—å –æ —á–µ–º –æ–Ω–∏ –≥–æ–≤–æ—Ä—è—Ç üòÇ', 'post_id': 9162800, 'owner_id': -59780149, 'parents_stack': [9162852], 'likes': {'can_like': 1, 'count': 0, 'user_likes': 0, 'can_publish': 1}, 'reply_to_user': 196759065, 'reply_to_comment': 9162852}]",True,True,"[{'type': 'video', 'video': {'response_type': 'full', 'access_key': 'feef56e7f347876dca', 'can_comment': 1, 'can_like': 1, 'can_repost': 1, 'can_subscribe': 1, 'can_add_to_faves': 1, 'can_add': 1, 'comments': 0, 'date': 1626185392, 'description': '', 'duration': 24, 'image': [{'url': 'https://i.mycdn.me/getVideoPreview?id=1478616680983&idx=0&type=39&tkn=ddsU1IJzCoHX4IEqIkY9a2HSfAE&fn=vid_s', 'width': 130, 'height': 96, 'with_padding': 1}, {'url': 'https://i.mycdn.me/getVideoPreview?id=1478616680983&idx=0&type=39&tkn=ddsU1IJzCoHX4IEqIkY9a2HSfAE&fn=vid_m', 'width': 160, 'height': 120, 'with_padding': 1}, {'url': 'https://i.mycdn.me/getVideoPreview?id=1478616680983&idx=0&type=39&tkn=ddsU1IJzCoHX4IEqIkY9a2HSfAE&fn=vid_l', 'width': 320, 'height': 240, 'with_padding': 1}, {'url': 'https://i.mycdn.me/getVideoPreview?id=1478616680983&idx=0&type=39&tkn=ddsU1IJzCoHX4IEqIkY9a2HSfAE&fn=vid_x', 'width': 800, 'height': 450, 'with_padding': 1}, {'url': 'https://i.mycdn.me/getVideoPreview?id=1478616680983&idx=0&type=39&tkn=ddsU1IJzCoHX4IEqIkY9a2HSfAE&fn=vid_w', 'width': 720, 'height': 720}, {'url': 'https://i.mycdn.me/getVideoPreview?id=1478616680983&idx=0&type=39&tkn=ddsU1IJzCoHX4IEqIkY9a2HSfAE&fn=vid_t', 'width': 320, 'height': 320}, {'url': 'https://i.mycdn.me/getVideoPreview?id=1478616680983&idx=0&type=39&tkn=ddsU1IJzCoHX4IEqIkY9a2HSfAE&fn=vid_u', 'width': 720, 'height': 720}], 'first_frame': [{'url': 'https://i.mycdn.me/getVideoPreview?id=1478616680983&idx=0&type=39&tkn=ddsU1IJzCoHX4IEqIkY9a2HSfAE&fn=vid_f', 'width': 405, 'height': 405}, {'url': 'https://i.mycdn.me/getVideoPreview?id=1478616680983&idx=0&type=39&tkn=ddsU1IJzCoHX4IEqIkY9a2HSfAE&fn=vid_md', 'width': 270, 'height': 270}, {'url': 'https://i.mycdn.me/getVideoPreview?id=1478616680983&idx=0&type=39&tkn=ddsU1IJzCoHX4IEqIkY9a2HSfAE&fn=vid_d', 'width': 135, 'height': 135}, {'url': 'https://i.mycdn.me/getVideoPreview?id=1478616680983&idx=0&type=39&tkn=ddsU1IJzCoHX4IEqIkY9a2HSfAE&fn=vid_sm', 'width': 72, 'height': 72}, {'url': 'https://i.mycdn.me/getVideoPreview?id=1478616680983&idx=0&type=39&tkn=ddsU1IJzCoHX4IEqIkY9a2HSfAE&fn=vid_w', 'width': 720, 'height': 720}], 'width': 480, 'height': 480, 'id': 456261524, 'owner_id': -59780149, 'user_id': 196759065, 'title': '–í–∏–¥–µ–æ –æ—Ç –ê—Å–∞–¥–∞ –ö—É—Ä–±–∞–Ω–æ–≤–∞', 'is_favorite': False, 'track_code': 'video_7886713fGc0HWQnybCWdNnmjgNkDZJ4Ij5yxHf9IDM7xlkfMRKci7htYCZptJJoweMmG7DVWqDm6roUZiClgovGHavl9', 'type': 'video', 'views': 35, 'local_views': 35, 'can_dislike': 1}}]",,,,,–ø–¥—à–Ω–∏—Ü–∞ –Ω–µ –ø–æ–¥–µ–ª–∏–ª–∞ –º—É–∂–∞,POSITIVE,0.9460896849632263
9162853,540010478,1626185439,–≤–æ–∑–º–æ–∂–Ω–æ –º—É—Å —Å–ø–∞—Å–∞—Ç—å,9162800.0,-59780149.0,[],1.0,1.0,0.0,1.0,1.0,"[{'id': 9162884, 'from_id': 625859193, 'date': 1626185698, 'text': '[id540010478|Aniyat], üòÇ', 'post_id': 9162800, 'owner_id': -59780149, 'parents_stack': [9162853], 'likes': {'can_like': 1, 'count': 1, 'user_likes': 0, 'can_publish': 1}, 'reply_to_user': 540010478, 'reply_to_comment': 9162853}]",True,True,,,,,,–≤–æ–∑–º–æ–∂–Ω–æ —ç—Ç–æ–≥–æ –º—É—Å—É —Å–ø–∞—Å–∞—Ç—å –Ω–∞–¥–æüòÑ,NEUTRAL,0.791506826877594
9162859,579038704,1626185513,–º–∞–∞–∞–∞–∞—Å—è—è—è—è—è—è,9162800.0,-59780149.0,[],1.0,0.0,0.0,1.0,0.0,[],True,True,,,,,,–º–∞–∞–∞–∞–∞—Å—è—è—è—è—è—è,NEUTRAL,0.7622986435890198
9162860,406118653,1626185514,–≤—ã–≤–æ–¥ —Ö–æ–¥–∏—Ç—å –ø–µ—à–∫–æ–º,9162800.0,-59780149.0,[],1.0,1.0,0.0,1.0,0.0,[],True,True,,,,,,–≤—ã–≤–æ–¥ –æ–¥–∏–Ω  –ª—É—á—à–µ —Ö–æ–¥–∏—Ç—å –ø–µ—à–∫–æ–º,NEGATIVE,0.7516316771507263
9162862,351161480,1626185537,–º–æ—Ä–æ—Å–Ω—è –≤—Ö–æ–¥–∏—Ç—å —á–∞—Ç,9162800.0,-59780149.0,[],1.0,2.0,0.0,1.0,0.0,[],True,True,,,,,,–º–æ—Ä–æ—Å–Ω—è –≤–æ—à–ª–∞ –≤ —á–∞—Ç,NEUTRAL,0.8283629417419434
9162863,621316439,1626185542,–º–Ω–æ–≥–æ–∂–µ–Ω—Å—Ç–≤–æ –∫–∞–∫-—Ç–æ –ø—Ä–µ–¥—Å—Ç–∞–≤–ª—è—Ç—å,9162800.0,-59780149.0,[],1.0,0.0,0.0,1.0,0.0,[],True,True,,,,,,—è –º–Ω–æ–≥–æ–∂—ë–Ω—Å—Ç–≤–æ –∫–∞–∫—Ç–æ –ø–æ –¥—Ä—É–≥–æ–º—É –ø—Ä–µ–¥—Å—Ç–∞–≤–ª—è–ª–∞,NEUTRAL,0.8299016952514648
9162866,579038704,1626185569,–º–∞–∫—É–Ω–µ—á–∫–∞,9162800.0,-59780149.0,[],1.0,0.0,0.0,1.0,0.0,[],True,True,,,,,,–º–∞–∫—É–Ω–µ—á–∫–∞,NEUTRAL,0.8149355053901672
9162868,579038704,1626185609,–∑–∞–π–∫–∏–Ω,9162800.0,-59780149.0,[],1.0,0.0,0.0,1.0,0.0,[],True,True,,,,,,–∑–∞–π–∫–∏–Ω,POSITIVE,0.5416616201400757
9162869,196759065,1626185613,–∫–∞–∂–¥—ã–π —Å–≤–æ–µ –ø—Ä–µ–¥—Å—Ç–∞–≤–ª—è—Ç—å –º–Ω–æ–≥–æ–∂–µ–Ω—Å—Ç–≤–æ –±–æ–ª—å—à–∏–Ω—Å—Ç–≤–æ –≤–µ—Ä–Ω—ã–π,9162800.0,-59780149.0,[],1.0,0.0,0.0,1.0,0.0,[],True,True,,,,,,–∫–∞–∂–¥—ã–π –ø–æ —Å–≤–æ–µ–º—É –ø—Ä–µ–¥—Å—Ç–∞–≤–ª—è–µ—Ç –º–Ω–æ–≥–æ–∂–µ–Ω—Å—Ç–≤–æ –±–æ–ª—å—à–∏–Ω—Å—Ç–≤–æ –Ω–µ –≤–µ—Ä–Ω–æ,NEUTRAL,0.8280601501464844
9162870,647682361,1626185616,–ø–æ–∂–µ–ª–∞—Ç—å –¥–µ–ª–∏—Ç—å –º—É–∂,9162800.0,-59780149.0,[],1.0,0.0,0.0,1.0,0.0,[],True,True,,,,,,—è –±—ã —Ç–æ–∂–µ –Ω–µ –ø–æ–∂–µ–ª–∞–ª–∞ –¥–µ–ª–∏—Ç—å —Å–≤–æ–µ–≥–æ –º—É–∂–∞ –Ω–∏ —Å –∫–µ–º,NEGATIVE,0.7515600919723511
9162871,647682361,1626185624,–Ω–æ—Ä–º–∞–ª—å–Ω—ã–π,9162800.0,-59780149.0,[],1.0,0.0,0.0,1.0,0.0,[],True,True,,,,,,–∏ —ç—Ç–æ –Ω–æ—Ä–º–∞–ª—å–Ω–æ,NEUTRAL,0.8289183974266052
9162873,579038704,1626185633,–∫—ã—ã—ã—Å—è—è,9162800.0,-59780149.0,[],1.0,0.0,0.0,1.0,0.0,[],True,True,,,,,,–∫—ã—ã—ã—Å—è—èüòíüò´,POSITIVE,0.5916709899902344
9162874,621316439,1626185644,—Ç–≤–æ–π —Å–æ–±—Å—Ç–≤–µ–Ω–Ω–∏–∫,9162800.0,-59780149.0,[],1.0,0.0,0.0,1.0,0.0,[],True,True,,,,,,–æ–Ω —á—Ç–æ —Ç–≤–æ–π —Å–æ–±—Å—Ç–≤–µ–Ω–Ω–∏–∫,NEGATIVE,0.7516589164733887
9162875,215677202,1626185646,.. –∂–¥–∞—Ç—å –ø—Ä–æ–¥–æ–ª–∂–µ–Ω–∏–µ,9162800.0,-59780149.0,[],1.0,0.0,0.0,1.0,0.0,[],True,True,,,,,,–Ω—É –∏ —è –∂–¥—É –ø—Ä–æ–¥–æ–ª–∂–µ–Ω–∏—è,NEUTRAL,0.8299974799156189
9162877,621316439,1626185654,–∂–µ–ª–∞—Ç—å,9162800.0,-59780149.0,[],1.0,0.0,0.0,1.0,28.0,"[{'id': 9162883, 'from_id': 647682361, 'date': 1626185692, 'text': '[id621316439|–ö—Ç–æ-–¢—ã], –º–æ–π –º—É–∂ –±—É–¥–µ—Ç —Ç–æ–ª—å–∫–æ –º–æ–∏–º –∏ –≤—Å—ë!', 'post_id': 9162800, 'owner_id': -59780149, 'parents_stack': [9162877], 'likes': {'can_like': 1, 'count': 0, 'user_likes': 0, 'can_publish': 1}, 'reply_to_user': 621316439, 'reply_to_comment': 9162877}, {'id': 9162887, 'from_id': 621316439, 'date': 1626185718, 'text': '[id647682361|Justina], –∞–≥–∞ , –º–µ—á—Ç–∞–π', 'post_id': 9162800, 'owner_id': -59780149, 'parents_stack': [9162877], 'likes': {'can_like': 1, 'count': 0, 'user_likes': 0, 'can_publish': 1}, 'reply_to_user': 647682361, 'reply_to_comment': 9162883}, {'id': 9162900, 'from_id': 647682361, 'date': 1626185790, 'text': '[id621316439|–ö—Ç–æ-–¢—ã], –º–æ–∏ –º–µ—á—Ç—ã –≤—Å–µ–≥–¥–∞ —Å–±—ã–≤–∞—é—Ç—Å—èüòå', 'post_id': 9162800, 'owner_id': -59780149, 'parents_stack': [9162877], 'likes': {'can_like': 1, 'count': 0, 'user_likes': 0, 'can_publish': 1}, 'reply_to_user': 621316439, 'reply_to_comment': 9162887}, {'id': 9162930, 'from_id': 621316439, 'date': 1626186005, 'text': '[id647682361|Justina], –º—É–∂—á–∏–Ω—ã –ø–æ–ª–∏–≥–∞–º–Ω—ã –∏ –∏–º –æ–¥–Ω–æ–π –º–∞–ª–æ. –≠—Ç–æ –≤ –Ω–∏—Ö –∑–∞–ª–æ–∂–µ–Ω–æ. –ú–æ–∂–µ—à—å –≤–æ–ª–æ—Å—ã —Ä–≤–∞—Ç—å , —Ç—ã —ç—Ç–æ–≥–æ –∏–∑–º–µ–Ω–∏—Ç—å –Ω–µ —Å–º–æ–∂–µ—à—å ü§£', 'post_id': 9162800, 'owner_id': -59780149, 'parents_stack': [9162877], 'likes': {'can_like': 1, 'count': 0, 'user_likes': 0, 'can_publish': 1}, 'reply_to_user': 647682361, 'reply_to_comment': 9162900}, {'id': 9162936, 'from_id': 647682361, 'date': 1626186072, 'text': '[id621316439|–ö—Ç–æ-–¢—ã], –æ–Ω–∏ –ø–æ–ª–∏–≥–∞–º–Ω—ã –ª–∏—à—å –¥–æ —Ç–µ—Ö –ø–æ—Ä, –ø–æ–∫–∞ –Ω–µ –≤—Å—Ç—Ä–µ—Ç—è—Ç —Ç—É —Å–∞–º—É—é)', 'post_id': 9162800, 'owner_id': -59780149, 'parents_stack': [9162877], 'likes': {'can_like': 1, 'count': 0, 'user_likes': 0, 'can_publish': 1}, 'reply_to_user': 621316439, 'reply_to_comment': 9162930}, {'id': 9162950, 'from_id': 621316439, 'date': 1626186169, 'text': '[id647682361|Justina], –∑–µ–ª—ë–Ω–∞—è –µ—â—ë. ü§£', 'post_id': 9162800, 'owner_id': -59780149, 'parents_stack': [9162877], 'likes': {'can_like': 1, 'count': 0, 'user_likes': 0, 'can_publish': 1}, 'reply_to_user': 647682361, 'reply_to_comment': 9162936}, {'id': 9163010, 'from_id': 663530781, 'date': 1626186808, 'text': '[id621316439|–ö—Ç–æ-–¢—ã], –Ω–∞–∏–≤–Ω–∞—è –∂–µ–Ω—â–∏–Ω–∞', 'post_id': 9162800, 'owner_id': -59780149, 'parents_stack': [9162877], 'likes': {'can_like': 1, 'count': 0, 'user_likes': 0, 'can_publish': 1}, 'reply_to_user': 621316439, 'reply_to_comment': 9162950}, {'id': 9163025, 'from_id': 647682361, 'date': 1626186948, 'text': '[id621316439|–ö—Ç–æ-–¢—ã], –∞ —Ç—ã –ø—Ä—è–º –Ω–∞ –æ–ø—ã—Ç–µ –∏ —Å–∫–æ—Ä–µ–µ –≤—Å–µ–≥–æ –≤—Ç–æ—Ä–∞—è –∂–µ–Ω–∞', 'post_id': 9162800, 'owner_id': -59780149, 'parents_stack': [9162877], 'likes': {'can_like': 1, 'count': 0, 'user_likes': 0, 'can_publish': 1}, 'reply_to_user': 621316439, 'reply_to_comment': 9162950}, {'id': 9163066, 'from_id': 621316439, 'date': 1626187352, 'text': '[id663530781|Rg], —è –Ω–∞–∏–≤–Ω–∞—è ?', 'post_id': 9162800, 'owner_id': -59780149, 'parents_stack': [9162877], 'likes': {'can_like': 1, 'count': 0, 'user_likes': 0, 'can_publish': 1}, 'reply_to_user': 663530781, 'reply_to_comment': 9163010}, {'id': 9163069, 'from_id': 663530781, 'date': 1626187389, 'text': '[id621316439|–ö—Ç–æ-–¢—ã], –Ω—É –∫–∞–∫ –±—ã –æ–Ω–∞ –≤–µ—Ä–∏—Ç , –Ω–µ —Ç—ã', 'post_id': 9162800, 'owner_id': -59780149, 'parents_stack': [9162877], 'likes': {'can_like': 1, 'count': 0, 'user_likes': 0, 'can_publish': 1}, 'reply_to_user': 621316439, 'reply_to_comment': 9163066}]",True,True,,,,,,–Ω–µ –∂–µ–ª–∞–µ—Ç –æ–Ω–∞ üòÖ,NEUTRAL,0.8076305389404297
9162878,351161480,1626185669,–∞–Ω–∫–∞ –∫–æ–º–º–∞ —Å–∫–æ–ª—å–∫–æ –ø–ª–∞—Ç–∏—Ç—å,9162800.0,-59780149.0,[],1.0,0.0,0.0,1.0,0.0,[],True,True,,,,,,–∞–Ω–∫–∞—Ç–µ–±–µ –∑–∞ –∫–æ–º–º—ã —Å–∫–æ–ª—å–∫–æ –ø–ª–∞—Ç—è—Ç,NEGATIVE,0.7514878511428833
9162880,450371449,1626185680,—Å–µ–∫—É–Ω–¥ –≥—Å,9162800.0,-59780149.0,[],1.0,0.0,0.0,1.0,0.0,[],True,True,,,,,,—á—Ç–æ —Ç–∞–º –±—ã–ª–æ –≤ —Å–µ–∫—É–Ω–¥–æ–º –≥—Å,NEUTRAL,0.829420804977417
9162881,579038704,1626185680,–º–∞–∫,9162800.0,-59780149.0,[],1.0,0.0,0.0,1.0,0.0,[],True,True,,,,,,–º–∞–∫—Éüíï,POSITIVE,0.5916709899902344
9162882,351161480,1626185680,—á–∞–Ω–¥–∞ –ø–∏—Å–∞—Ç—å –∫–∞–∂–¥—ã–π —Å–µ–∫—É–Ω–¥–∞,9162800.0,-59780149.0,[],1.0,0.0,0.0,1.0,8.0,"[{'id': 9162891, 'from_id': 450371449, 'date': 1626185734, 'text': '[id351161480|–°–∞–ª–∏–º–∞], —Ç–æ–ª—å–∫–æ –Ω–µ —Å–æ —Å—Ç–∞—Ç—É—Å–æ–º ¬´–ê–ª—å—Ö–∞–º–¥—É–ª–ª–∞–≥—ä¬ª', 'post_id': 9162800, 'owner_id': -59780149, 'parents_stack': [9162882], 'likes': {'can_like': 1, 'count': 0, 'user_likes': 0, 'can_publish': 1}, 'reply_to_user': 351161480, 'reply_to_comment': 9162882}, {'id': 9162896, 'from_id': 351161480, 'date': 1626185767, 'text': '[id450371449|–¢–∞–º–∏–ª–∞], –Ω–µ', 'post_id': 9162800, 'owner_id': -59780149, 'parents_stack': [9162882], 'likes': {'can_like': 1, 'count': 0, 'user_likes': 0, 'can_publish': 1}, 'reply_to_user': 450371449, 'reply_to_comment': 9162891}, {'id': 9162902, 'from_id': 540010478, 'date': 1626185813, 'text': '[id450371449|–¢–∞–º–∏–ª–∞], üòÑ', 'post_id': 9162800, 'owner_id': -59780149, 'parents_stack': [9162882], 'likes': {'can_like': 1, 'count': 0, 'user_likes': 0, 'can_publish': 1}, 'reply_to_user': 450371449, 'reply_to_comment': 9162891}, {'id': 9162917, 'from_id': 489973829, 'date': 1626185943, 'text': '[id351161480|–°–∞–ª–∏–º–∞], —á–∞–Ω–¥—É –Ω–µ–∑–Ω–∞—é –Ω–æ —Ä–µ–∞–ª—å–Ω—ã–µ –∏—Å—Ç–æ—Ä–∏–∏ –∏–∑ —Å–≤–æ–µ–π –∂–∏–∑–Ω–∏ –º–æ–∂–Ω–æ –±—ã–ª–æ –±—ã', 'post_id': 9162800, 'owner_id': -59780149, 'parents_stack': [9162882], 'likes': {'can_like': 1, 'count': 0, 'user_likes': 0, 'can_publish': 1}, 'reply_to_user': 351161480, 'reply_to_comment': 9162882}, {'id': 9163045, 'from_id': 335534199, 'date': 1626187150, 'text': '[id450371449|–¢–∞–º–∏–ª–∞], üòÇüòÇüòÇüòÇ', 'post_id': 9162800, 'owner_id': -59780149, 'parents_stack': [9162882], 'likes': {'can_like': 1, 'count': 0, 'user_likes': 0, 'can_publish': 1}, 'reply_to_user': 450371449, 'reply_to_comment': 9162891}, {'id': 9163054, 'from_id': 335534199, 'date': 1626187240, 'text': '[id351161480|–°–∞–ª–∏–º–∞], –º–æ–∂–Ω–æ –±—ã–ª–æ –±—ã, –∞ —Ç–æ —á–∏—Ç–∞—Ç—å –Ω–µ—á–µ–≥–æ.', 'post_id': 9162800, 'owner_id': -59780149, 'parents_stack': [9162882], 'likes': {'can_like': 1, 'count': 0, 'user_likes': 0, 'can_publish': 1}, 'reply_to_user': 351161480, 'reply_to_comment': 9162882}, {'id': 9163061, 'from_id': 351161480, 'date': 1626187322, 'text': '[id335534199|–ê–±–¥—É—Å–∞–ª–∞–º],  —Ç—É—Ç –∏ –±–µ–∑ –º–µ–Ω—è —á–∞–Ω–¥—ã —Ö–≤–∞—Ç–∞–µ—Çü§£', 'post_id': 9162800, 'owner_id': -59780149, 'parents_stack': [9162882], 'likes': {'can_like': 1, 'count': 0, 'user_likes': 0, 'can_publish': 1}, 'reply_to_user': 335534199, 'reply_to_comment': 9163054}, {'id': 9163070, 'from_id': 335534199, 'date': 1626187390, 'text': '[id351161480|–°–∞–ª–∏–º–∞], —á—Ç–æ –ø—Ä–∞–≤–¥–∞ —Ç–æ –ø—Ä–∞–≤–¥–∞.', 'post_id': 9162800, 'owner_id': -59780149, 'parents_stack': [9162882], 'likes': {'can_like': 1, 'count': 0, 'user_likes': 0, 'can_publish': 1}, 'reply_to_user': 351161480, 'reply_to_comment': 9163061}]",True,True,,,,,,—Ç–æ–∂–µ —á—Ç–æ –ª–∏ —á–∞–Ω–¥—É –ø–∏—Å–∞—Ç—å–∫–∞–∂–¥—É—é —Å–µ–∫—É–Ω–¥—É,NEUTRAL,0.825200617313385
9162886,489973829,1626185717,—Å–∞–ª–∏–º–∞ —Ä—É–≥–∞—Ç—å—Å—è –¥–∞–≤–∞—Ç—å –∞—Ä–±—É–∑,9162800.0,-59780149.0,[],1.0,0.0,0.0,1.0,0.0,[],True,True,,,,,,—Å–∞–ª–∏–º–∞ –Ω–µ —Ä—É–≥–∞–π—Å—è –¥–∞–µ—à—å —Å–≤–æ–π –∞—Ä–±—É–∑,NEUTRAL,0.8301932215690613
9162888,579038704,1626185723,–º–∞—Å–µ—á–∫–∞,9162800.0,-59780149.0,[],1.0,0.0,0.0,1.0,0.0,[],True,True,,,,,,–º–∞—Å–µ—á–∫–∞üíû,POSITIVE,0.5916709899902344
9162889,215677202,1626185728,–º–∏–Ω—É—Ç–Ω—ã–π,9162800.0,-59780149.0,[],1.0,0.0,0.0,1.0,0.0,[],True,True,,,,,,–º–∏–Ω—É—Ç–Ω–æ–º,NEGATIVE,0.7508281469345093
9162893,579038704,1626185745,—Å—á–∞—Å—Ç–∏–µ,9162800.0,-59780149.0,[],1.0,0.0,0.0,1.0,0.0,[],True,True,,,,,,—Å—á–∞—Å—Ç—å–µ –º–æ—ëüíû,POSITIVE,0.9810036420822144
9162894,489973829,1626185746,—Ç–∞–º–∏–ª–∞ –ø–µ—Ä–µ–∫—É—Ä —Ç–µ—Ä–ø–µ–Ω–∏–µ,9162800.0,-59780149.0,[],1.0,0.0,0.0,1.0,0.0,[],True,True,,,,,,—Ç–∞–º–∏–ª–∞ –ø–µ—Ä–µ–∫—É—Ä —É –Ω–∞—Å  —Ç–µ—Ä–ø–µ–Ω–∏–µ,NEUTRAL,0.8284812569618225
9162897,215677202,1626185770,–∂–¥–∞—Ç—å –ø—Ä–æ–¥–æ–ª–∂–µ–Ω–∏–µ,9162800.0,-59780149.0,[],1.0,0.0,0.0,1.0,3.0,"[{'id': 9162905, 'from_id': 540010478, 'date': 1626185842, 'text': '[id215677202|–ê–Ω–∞—Å—Ç–∞—Å–∏—è], –ø—Ä–æ–¥–æ–ª–∂–µ–Ω–∏—è —á–µ–≥–æ ?', 'post_id': 9162800, 'owner_id': -59780149, 'parents_stack': [9162897], 'likes': {'can_like': 1, 'count': 0, 'user_likes': 0, 'can_publish': 1}, 'reply_to_user': 215677202, 'reply_to_comment': 9162897}, {'id': 9162937, 'from_id': 215677202, 'date': 1626186075, 'text': '[id540010478|Aniyat], —Ç–∞–º —á—å—è-—Ç–æ –ª–∞–≤—Å—Ç–æ—Ä–∏ –≤—ã—à–µ', 'post_id': 9162800, 'owner_id': -59780149, 'parents_stack': [9162897], 'likes': {'can_like': 1, 'count': 0, 'user_likes': 0, 'can_publish': 1}, 'reply_to_user': 540010478, 'reply_to_comment': 9162905}, {'id': 9162939, 'from_id': 540010478, 'date': 1626186086, 'text': '–û –∫–∞–∫', 'post_id': 9162800, 'owner_id': -59780149, 'parents_stack': [9162897], 'likes': {'can_like': 1, 'count': 0, 'user_likes': 0, 'can_publish': 1}, 'reply_to_user': 215677202, 'reply_to_comment': 9162937}]",True,True,,,,,,–º—ã –∂–¥—ë–º –ø—Ä–æ–¥–æ–ª–∂–µ–Ω–∏—è,NEUTRAL,0.8279004693031311
9162898,542175377,1626185785,–Ω–∞—Å—Ç—è,9162800.0,-59780149.0,[],1.0,0.0,0.0,1.0,0.0,[],True,True,,,,,,–Ω–∞—Å—Ç—è,NEGATIVE,0.7498533725738525
9162901,450371449,1626185799,–º–∏–Ω—É—Ç–Ω—ã–π —Å–æ–∫—Ä–∞—â–∞—Ç—å —Å–µ–∫—É–Ω–¥–∞ –ø–æ–∂–∞–ª—É–π—Å—Ç–∞,9162800.0,-59780149.0,[],1.0,0.0,0.0,1.0,0.0,[],True,True,,,,,,–¥–∞–∂–µ –≤  –º–∏–Ω—É—Ç–Ω–æ–º —Å–æ–∫—Ä–∞—Ç–∏—Ç–µ –¥–æ —Å–µ–∫—É–Ω–¥ –ø–æ–∂–∞–ª—É–π—Å—Ç–∞,NEUTRAL,0.8211002349853516
9162904,542175377,1626185837,–±—É–ª–æ—á–∫–∞ –∞–≤–∞ –∑–≤–∞—Ç—å —á–µ –ø–æ–Ω—Ä–∞–≤–∏—Ç—å—Å—è,9162800.0,-59780149.0,[],1.0,0.0,0.0,1.0,2.0,"[{'id': 9162913, 'from_id': 215677202, 'date': 1626185929, 'text': '[id542175377|–•–∞–º–∑–∞], –≤ —Å–µ—Ä–∏–∞–ª–µ –µ—ë –∑–æ–≤—É—Ç –õ—É–∫—Ä–µ—Ü–∏—è) –∞ –ø–æ –∂–∏–∑–Ω–∏ –î–∞–Ω–Ω–∞ –∫–∞–∫–∞—è —Ç–æ', 'post_id': 9162800, 'owner_id': -59780149, 'parents_stack': [9162904], 'likes': {'can_like': 1, 'count': 1, 'user_likes': 0, 'can_publish': 1}, 'reply_to_user': 542175377, 'reply_to_comment': 9162904}, {'id': 9162922, 'from_id': 542175377, 'date': 1626185951, 'text': '[id215677202|–ê–Ω–∞—Å—Ç–∞—Å–∏—è], –ø–æ–Ω—è–ª, —à–ø–∞—Å–∏–±–æ', 'post_id': 9162800, 'owner_id': -59780149, 'parents_stack': [9162904], 'likes': {'can_like': 1, 'count': 0, 'user_likes': 0, 'can_publish': 1}, 'reply_to_user': 215677202, 'reply_to_comment': 9162913}]",True,True,,,,,,–∫–∞–∫ —ç—Ç—É –±—É–ª–æ—á–∫—É –Ω–∞ –∞–≤–µ –∑–æ–≤—É—Ç —á–µ —Ç–æ –ø–æ–Ω—Ä–∞–≤–∏–ª–∞—Å—å –æ–Ω–∞ –º–Ω–µ,POSITIVE,0.9379191398620605
9162906,215677202,1626185845,—Å–±–µ—Ä —Ç–æ—Ä–º–æ–∑ —Å–µ–≥–æ–¥–Ω—è .. –ø–æ–¥–≤–æ–¥–∏—Ç—å –ø–æ–¥—Å—Ç–∞–≤–ª—è—Ç—å ..,9162800.0,-59780149.0,[],1.0,0.0,0.0,1.0,0.0,[],True,True,,,,,,—Å–±–µ—Ä —Ç–∞–∫–æ–π —Ç–æ—Ä–º–æ–∑ —Å–µ–≥–æ–¥–Ω—èüò≠ —Ç–∞–∫ –ø–æ–¥–≤–æ–¥–∏—Ç —Ç–∞–∫ –ø–æ–¥—Å—Ç–∞–≤–ª—è–µ—Ç,NEGATIVE,0.7515262961387634
9162908,368545182,1626185868,–ø–µ—Ä–µ—Ö–æ–¥–∏—Ç—å –≥–∞–∑–ø—Ä–æ–º–±–∞–Ω–∫,9162800.0,-59780149.0,[],1.0,0.0,0.0,1.0,0.0,[],True,True,,,,,,–ø–µ—Ä–µ—Ö–æ–¥–∏ –Ω–∞ –≥–∞–∑–ø—Ä–æ–º–±–∞–Ω–∫,NEUTRAL,0.5929378867149353
9162909,663013329,1626185882,–¥–∞–≤–∞—Ç—å –ø–∞–æ–ª–∞,9162800.0,-59780149.0,[],1.0,0.0,0.0,1.0,0.0,[],True,True,,,,,,–¥–∞–Ω–∞ –ø–∞–æ–ª–∞üëåüèª,NEGATIVE,0.7516750693321228
9162912,663013329,1626185923,–±—Ä–∞—Ç –º—É—Ç–∏—Ç—å,9162800.0,-59780149.0,[],1.0,0.0,0.0,1.0,0.0,[],True,True,,,,,,—Å –±—Ä–∞—Ç–æ–º –º—É—Ç–∏–ª–∞,NEUTRAL,0.8227800726890564
9162914,579038704,1626185933,–º–∞—Å–µ—á–∫–∞,9162800.0,-59780149.0,[],1.0,0.0,0.0,1.0,0.0,[],True,True,,,,,,–º–æ–π –∏ —Ç–æ–ª—å–∫–æ –º–æ–π –º–∞—Å–µ—á–∫–∞üíû,NEUTRAL,0.7801133394241333
9162918,647682361,1626185946,—Ç—Ä–µ–Ω–¥ –ª–µ—Ç–æ –±–µ–ª—ã–π —à–ª–µ–ø–æ–∫,9162800.0,-59780149.0,[],1.0,1.0,0.0,1.0,0.0,[],True,True,"[{'type': 'photo', 'photo': {'album_id': -8, 'date': 1626185946, 'id': 457781762, 'owner_id': -59780149, 'access_key': '62df66c1a21a753015', 'sizes': [{'height': 130, 'type': 'm', 'width': 104, 'url': 'https://sun9-56.userapi.com/impg/6Vu9yaU5ug78QykuDGyAZApXhgCspWUFyl8-WQ/vndyevHLuuQ.jpg?size=104x130&quality=96&sign=94b6f7c30bbe170c6a5f2aae98eeffa5&c_uniq_tag=fDCVNXC8DDXH9mRD-fKLpPHpimqFDfakSHabBTcpBTc&type=album'}, {'height': 162, 'type': 'o', 'width': 130, 'url': 'https://sun9-56.userapi.com/impg/6Vu9yaU5ug78QykuDGyAZApXhgCspWUFyl8-WQ/vndyevHLuuQ.jpg?size=130x162&quality=96&sign=d373d13fe79a845a81cf69da8832908b&c_uniq_tag=_cB_MaJpFU8AqVy7iqHEpPbekWvvAvMArI540oICTbQ&type=album'}, {'height': 250, 'type': 'p', 'width': 200, 'url': 'https://sun9-56.userapi.com/impg/6Vu9yaU5ug78QykuDGyAZApXhgCspWUFyl8-WQ/vndyevHLuuQ.jpg?size=200x250&quality=96&sign=73dffe9796a2e990e01b738ce7dccb61&c_uniq_tag=Vqpz7sg5VTDoKIM4dNwHmW4p1guFWuZ-G6-acEzffoI&type=album'}, {'height': 400, 'type': 'q', 'width': 320, 'url': 'https://sun9-56.userapi.com/impg/6Vu9yaU5ug78QykuDGyAZApXhgCspWUFyl8-WQ/vndyevHLuuQ.jpg?size=320x400&quality=96&sign=ef2cb8ad34602dd084ce30d7b9d493eb&c_uniq_tag=w41z5zLdc-6sSWrxo1bB6DK6IBPvVexEpTzBceldX3I&type=album'}, {'height': 637, 'type': 'r', 'width': 510, 'url': 'https://sun9-56.userapi.com/impg/6Vu9yaU5ug78QykuDGyAZApXhgCspWUFyl8-WQ/vndyevHLuuQ.jpg?size=510x637&quality=96&sign=b7ba14e768f182aeba5655e898301269&c_uniq_tag=PFPWjE9B46AmQC7kJqmYwfN_1oHwa_LQrbMDrZAm4rI&type=album'}, {'height': 75, 'type': 's', 'width': 60, 'url': 'https://sun9-56.userapi.com/impg/6Vu9yaU5ug78QykuDGyAZApXhgCspWUFyl8-WQ/vndyevHLuuQ.jpg?size=60x75&quality=96&sign=753d1cda1a6e6c00f4c6b2fa4ea3a046&c_uniq_tag=0Ra6tNkSgR1wBwk97vrSqG-K1iF2bs59i_DmthAWj38&type=album'}, {'height': 604, 'type': 'x', 'width': 483, 'url': 'https://sun9-56.userapi.com/impg/6Vu9yaU5ug78QykuDGyAZApXhgCspWUFyl8-WQ/vndyevHLuuQ.jpg?size=483x604&quality=96&sign=b99cf30e6b048f51ef2cce0b40d10a32&c_uniq_tag=g5opqvmfe_PEvCsTUjbuFzytqIhUJ_TKKrs5PSO_x50&type=album'}, {'height': 807, 'type': 'y', 'width': 646, 'url': 'https://sun9-56.userapi.com/impg/6Vu9yaU5ug78QykuDGyAZApXhgCspWUFyl8-WQ/vndyevHLuuQ.jpg?size=646x807&quality=96&sign=98f08529faf8dfaa26488abb2fe89ed6&c_uniq_tag=kn9ikcbarXlARCXPH_j3BGUXSEq_336Cec9kge3CfQc&type=album'}, {'height': 1080, 'type': 'z', 'width': 864, 'url': 'https://sun9-56.userapi.com/impg/6Vu9yaU5ug78QykuDGyAZApXhgCspWUFyl8-WQ/vndyevHLuuQ.jpg?size=864x1080&quality=96&sign=daa147f0af0b08c3e940c3ffabe6986f&c_uniq_tag=yeqpM608T-9IJxNmxlZxJLnB0DyG7-JckO6SadfH51U&type=album'}], 'text': '', 'user_id': 647682361, 'has_tags': False}}]",,,,,—Ç—Ä–µ–Ω–¥ —ç—Ç–æ–≥–æ –ª–µ—Ç–∞ –±–µ–ª—ã–µ —à–ª—ë–ø–∫–∏,POSITIVE,0.6052369475364685
9162919,625859193,1626185946,–±—Ä–∞—Ç —Å–≤–æ–¥–Ω—ã–π,9162800.0,-59780149.0,[],1.0,0.0,0.0,1.0,0.0,[],True,True,,,,,,–±—Ä–∞—Ç –∂–µ —Å–≤–æ–¥–Ω—ã–π –±—ã–ª,NEUTRAL,0.5941296219825745
9162920,663013329,1626185947,—Ä–æ–¥–Ω–æ–π,9162800.0,-59780149.0,[],1.0,0.0,0.0,1.0,0.0,[],True,True,,,,,,—Ä–æ–¥–Ω—ã–º,POSITIVE,0.960358202457428
9162923,215677202,1626185970,–ø–µ—Ä–µ—Ö–æ–¥–∏—Ç—å –≥–∞–∑–ø—Ä–æ–º –ª–∏—á–Ω—ã–π —Å—á–µ—Ç ..,9162800.0,-59780149.0,[],1.0,0.0,0.0,1.0,0.0,[],True,True,,,,,,–Ω–µ –º–æ–≥—É –ø–µ—Ä–µ–π—Ç–∏ –Ω–∞ –≥–∞–∑–ø—Ä–æ–º –ø–æ—Ç–æ–º—É —á—Ç–æ —ç—Ç–æ –Ω–µ –º–æ–∏ –ª–∏—á–Ω—ã–µ —Å—á–µ—Ç–∞,NEGATIVE,0.40273788571357727
9162924,368545182,1626185975,—Ç—Ä—É–¥ –∑–∞–º–µ—á–∞—Ç—å —à–ª–µ–ø–∫–∞,9162800.0,-59780149.0,[],1.0,0.0,0.0,1.0,0.0,[],True,True,,,,,,—Å —Ç—Ä—É–¥–æ–º –∑–∞–º–µ—Ç–∏–ª —à–ª–µ–ø–∫–∏,NEGATIVE,0.7516066431999207
9162925,542175377,1626185977,–∫—Ä–∞—Å–∏–≤—ã–π —à–ª–µ–ø–æ–∫,9162800.0,-59780149.0,[],1.0,0.0,0.0,1.0,0.0,[],True,True,,,,,,–∫—Ä–∞—Å–∏–≤—ã–µ —à–ª—ë–ø–∫–∏,POSITIVE,0.9800239205360413
9162926,625859193,1626185978,–Ω–æ–≤—ã–π —Å–µ–∑–æ–Ω —Å–º–æ—Ç—Ä–µ—Ç—å,9162800.0,-59780149.0,[],1.0,0.0,0.0,1.0,0.0,[],True,True,,,,,,–Ω–æ–≤—ã–π —Å–µ–∑–æ–Ω –µ—â—ë –Ω–µ —Å–º–æ—Ç—Ä–µ–ª–∞,NEUTRAL,0.7576203346252441
9162927,579038704,1626185989,–º–∞—Å–µ—á–∫–∏–Ω —á—É–¥–æ –ø—Ä–µ–ª–µ—Å—Ç—å,9162800.0,-59780149.0,[],1.0,0.0,0.0,1.0,0.0,[],True,True,,,,,,–º–∞—Å–µ—á–∫–∏–Ω–æ —á—É–¥–æ –∏ –ø—Ä–µ–ª–µ—Å—Ç—åüòåüíû,POSITIVE,0.9807689189910889
9162928,625859193,1626185993,–∫–æ—Ä–æ—á–µ –ø–æ–¥—Å—Ç—Ä–∏–≥–∞—Ç—å –∫–∞–∂–µ—Ç—Å—è,9162800.0,-59780149.0,[],1.0,0.0,0.0,1.0,0.0,[],True,True,,,,,,—Ç–∞–º –æ–Ω–∞ –∫–æ—Ä–æ—Ç–∫–æ –ø–æ–¥—Å—Ç—Ä–∏–∂–µ–Ω–∞ –∫–∞–∂–µ—Ç—Å—è,NEUTRAL,0.8285676836967468
9162929,625859193,1626186002,–∞–Ω–Ω–∞ —Ç–æ—Ä–º–æ–∑–∏—Ç—å,9162800.0,-59780149.0,[],1.0,0.0,0.0,1.0,0.0,[],True,True,,,,,,–∞–Ω–Ω–∞ —Ç–æ—Ä–º–æ–∑–∏ –¥–∞,NEUTRAL,0.8285107016563416
9162931,579038704,1626186018,—Å–∫—É—á–∞—Ç—å,9162800.0,-59780149.0,[],1.0,0.0,0.0,1.0,0.0,[],True,True,,,,,,–Ω–æ —è —Å–∫—É—á–∞—éüòí,NEUTRAL,0.5566708445549011
9162932,368545182,1626186021,–∞–Ω–Ω–∞ –±–∏—Ç—å –ø–æ—Å—É–¥–∞ –ø–ª–∞—Ç–∏—Ç—å,9162800.0,-59780149.0,[],1.0,0.0,0.0,1.0,0.0,[],True,True,,,,,,–∞–Ω–Ω–∞ –±–µ–π –ø–æ—Å—É–¥—É —è –ø–ª–∞—á—É,NEUTRAL,0.8296656012535095
9162933,625859193,1626186028,–ª—Å –Ω–∞–ø–∏—Å–∞—Ç—å —Å–∫—É—á–∞—Ç—å,9162800.0,-59780149.0,[],1.0,0.0,0.0,1.0,0.0,[],True,True,,,,,,–≤ –ª—Å –Ω–∞–ø–∏—à–∏ —á—Ç–æ —Å–∫—É—á–∞–µ—à—å,NEUTRAL,0.8278770446777344
9162934,368545182,1626186029,–ø—Ä–æ–¥–æ–ª–∂–∞—Ç—å –∫–æ—Ä–æ—á–µ,9162800.0,-59780149.0,[],1.0,0.0,0.0,1.0,0.0,[],True,True,,,,,,–ø—Ä–æ–¥–æ–ª–∂–∞–π –∫–æ—Ä–æ—á–µüòÑ,POSITIVE,0.8222519159317017
9162935,625859193,1626186046,—É–≤–∏–¥–µ—Ç—å,9162800.0,-59780149.0,[],1.0,0.0,0.0,1.0,0.0,[],True,True,,,,,,–∑–¥–µ—Å—å –æ–Ω –Ω–µ —É–≤–∏–¥–∏—Ç —Ç–µ–±—è,NEUTRAL,0.8292755484580994
9162938,579038704,1626186076,–≥–ª–∞–∑ —Ç—É–ø–∏—Ü–∞ –≤—ã—Ü–∞—Ä–∞–ø—ã–≤–∞—Ç—å –Ω–µ–Ω–∞–≤–∏–¥–µ—Ç—å,9162800.0,-59780149.0,[],1.0,0.0,0.0,1.0,0.0,[],True,True,,,,,,–∏ –≥–ª–∞–∑–∞ —è —ç—Ç–æ–π —Ç—É–ø–∏—Ü–µ –≤—ã—Ü–∞—Ä–∞–ø–∞—é–Ω–µ–Ω–∞–≤–∏–∂—É –µ—ë,NEGATIVE,0.751556396484375
9162941,215677202,1626186109,–ø–∞—Ö–Ω—É—Ç—å —à–∏–∑–æ—Ñ—Ä–µ–Ω–∏—è,9162800.0,-59780149.0,[],1.0,0.0,0.0,1.0,0.0,[],True,True,,,,,,–ø–∞—Ö–Ω–µ—Ç —à–∏–∑–æ—Ñ—Ä–µ–Ω–∏–µ–π,NEGATIVE,0.751443088054657
9162942,579038704,1626186114,–∫–ª–æ—á–æ–∫ –≤–æ–ª–æ—Å –æ–±–µ–¥–Ω–µ—Ç—å,9162800.0,-59780149.0,[],1.0,0.0,0.0,1.0,0.0,[],True,True,,,,,,–∏ –±–µ–∑  –∫–ª–æ—á–∫–æ–≤ –≤–æ–ª–æ—Å —Ç–æ–∂–µ –Ω–µ –æ–±–µ–¥–Ω–µ–µ—Ç,NEUTRAL,0.7534903287887573
9162945,368545182,1626186154,–ø–µ—Ä–µ—Ö–æ–¥–∏—Ç—å –¥–æ—Ä–æ–≥–∞,9162800.0,-59780149.0,[],1.0,0.0,0.0,1.0,0.0,[],True,True,,,,,,–∫—Ç–æ –µ–π –ø–µ—Ä–µ—à—ë–ª –¥–æ—Ä–æ–≥—É,NEUTRAL,0.82459557056427
9162947,647682361,1626186160,—Å—á–∏—Ç–∞—Ç—å –∫—Ä–∞—Å–∏–≤—ã–π,9162800.0,-59780149.0,[],1.0,0.0,0.0,1.0,1.0,"[{'id': 9162954, 'from_id': 542175377, 'date': 1626186202, 'text': '[id647682361|Justina], –µ—Å–ª–∏ —Ç–æ–ª—å–∫–æ –≥–ª–∞–∑–∞', 'post_id': 9162800, 'owner_id': -59780149, 'parents_stack': [9162947], 'likes': {'can_like': 1, 'count': 1, 'user_likes': 0, 'can_publish': 1}, 'reply_to_user': 647682361, 'reply_to_comment': 9162947}]",True,True,"[{'type': 'photo', 'photo': {'album_id': -8, 'date': 1626186160, 'id': 457781763, 'owner_id': -59780149, 'access_key': 'e0aeacd657056a0024', 'sizes': [{'height': 130, 'type': 'm', 'width': 104, 'url': 'https://sun9-26.userapi.com/impg/UNszFSPfADBS3zSj9LoAOGOsYmxc1GY5t2XOYw/gqsRJOtCq4g.jpg?size=104x130&quality=96&sign=550f0f5dccba3235fae0fa51b372451a&c_uniq_tag=FUKDn_goOVlcPlETW2L9qm7iV1mvint3X0-AG_e8Tfo&type=album'}, {'height': 162, 'type': 'o', 'width': 130, 'url': 'https://sun9-26.userapi.com/impg/UNszFSPfADBS3zSj9LoAOGOsYmxc1GY5t2XOYw/gqsRJOtCq4g.jpg?size=130x162&quality=96&sign=3541ae8808aa75d09a243e032e1dcef7&c_uniq_tag=V7kgO0M6lAkxcPDzIVgyGG2ew9GsCQBzfw3aLwJPUnc&type=album'}, {'height': 249, 'type': 'p', 'width': 200, 'url': 'https://sun9-26.userapi.com/impg/UNszFSPfADBS3zSj9LoAOGOsYmxc1GY5t2XOYw/gqsRJOtCq4g.jpg?size=200x249&quality=96&sign=b46858b1f976c07cd9a69dec4f58a0b7&c_uniq_tag=ZiCKxQgeDGQ1Q__scPHDn910Oaq9fueDhIzzks9joNk&type=album'}, {'height': 399, 'type': 'q', 'width': 320, 'url': 'https://sun9-26.userapi.com/impg/UNszFSPfADBS3zSj9LoAOGOsYmxc1GY5t2XOYw/gqsRJOtCq4g.jpg?size=320x399&quality=96&sign=a93d9d78e103fe1652445126f172c144&c_uniq_tag=B0KO6P48mc-8ceHC7nOhbcn-fKhqB2HqHl6z7-uInto&type=album'}, {'height': 635, 'type': 'r', 'width': 510, 'url': 'https://sun9-26.userapi.com/impg/UNszFSPfADBS3zSj9LoAOGOsYmxc1GY5t2XOYw/gqsRJOtCq4g.jpg?size=510x635&quality=96&sign=41e33ac8d8f9d95aa44c19b993f1922f&c_uniq_tag=MgONE4b_BR0x2Sxj8w_A1q5C4_z23Ka01mzVrsynV8Y&type=album'}, {'height': 75, 'type': 's', 'width': 60, 'url': 'https://sun9-26.userapi.com/impg/UNszFSPfADBS3zSj9LoAOGOsYmxc1GY5t2XOYw/gqsRJOtCq4g.jpg?size=60x75&quality=96&sign=c4673a5fed0a1db776881354699756dc&c_uniq_tag=V1qsUxmeIcm_YN05c8SpH9AGMVPuVhtliwvm1FurIc4&type=album'}, {'height': 604, 'type': 'x', 'width': 485, 'url': 'https://sun9-26.userapi.com/impg/UNszFSPfADBS3zSj9LoAOGOsYmxc1GY5t2XOYw/gqsRJOtCq4g.jpg?size=485x604&quality=96&sign=f9e67fb7a7805507681c186ac3f0556b&c_uniq_tag=QaWxb8RrU_jI_1X9Hf-Zp3yBo2cqLN6YlPKxYjOFAOk&type=album'}, {'height': 807, 'type': 'y', 'width': 648, 'url': 'https://sun9-26.userapi.com/impg/UNszFSPfADBS3zSj9LoAOGOsYmxc1GY5t2XOYw/gqsRJOtCq4g.jpg?size=648x807&quality=96&sign=b9fa3b349a7754b1d77e952b0a62369b&c_uniq_tag=1InwwEuZwLH0dI7lOadtIN6-SlNja0xtFaFeCCBOwZQ&type=album'}, {'height': 1064, 'type': 'z', 'width': 854, 'url': 'https://sun9-26.userapi.com/impg/UNszFSPfADBS3zSj9LoAOGOsYmxc1GY5t2XOYw/gqsRJOtCq4g.jpg?size=854x1064&quality=96&sign=1419005acb78ff4919a9d145f883648e&c_uniq_tag=6DoH2yGWgAvnU98lfTeD9PJfWssXOuJoUhNSWiUKEGM&type=album'}], 'text': '', 'user_id': 647682361, 'has_tags': False}}]",,,,,–∫—Ç–æ –µ—ë —Å—á–∏—Ç–∞–µ—Ç –∫—Ä–∞—Å–∏–≤–æ–π,NEUTRAL,0.8297843933105469
9162948,579038704,1626186160,–º–∏—à—É—Ç–∫–∏–Ω –∫—É–∫–æ–ª–∫–∞,9162800.0,-59780149.0,[],1.0,0.0,0.0,1.0,0.0,[],True,True,,,,,,–º–∏—à—É—Ç–∫–∏–Ω–∞ –∫—É–∫–æ–ª–∫–∞üòåüíû,NEUTRAL,0.8121050000190735
9162949,368545182,1626186167,—ç—Å—Ç–µ—Ä —Å–ª—É—á–∞–π–Ω–æ,9162800.0,-59780149.0,[],1.0,0.0,0.0,1.0,0.0,[],True,True,,,,,,—ç—Å—Ç–µ—Ä –Ω–µ —Ç—ã —Å–ª—É—á–∞–π–Ω–æ,NEUTRAL,0.8278931379318237
9162952,625859193,1626186183,–∑–Ω–∞—Ç—å,9162800.0,-59780149.0,[],1.0,0.0,0.0,1.0,0.0,[],True,True,,,,,,–¥–∞–∂–µ –Ω–µ –∑–Ω–∞—é üòÇüòÇüòÇ,POSITIVE,0.8967226147651672
52507,29609323,1650523521,–¥–ª–∏—Ç–µ–ª—å–Ω—ã–π —Å—Ç–æ—è—Ç—å,52505.0,-57825647.0,[],1.0,7.0,0.0,1.0,0.0,[],True,True,,,True,,,–µ—Å–ª–∏ –¥–ª–∏—Ç–µ–ª—å–Ω—ã—Ö —Ç–æ —Å—Ç–æ–∏—Ç,NEUTRAL,0.8281846642494202
52508,2762316,1650523640,–ø—Ä–æ–∫–∞—Ç –≤–æ–æ–±—â–µ —Ç–∏ –ª–µ—Ç–æ–∫ –≤—ã–¥–µ—Ä–∂–∏–≤–∞—Ç—å –≤—ã–±–∏—Ä–∞—Ç—å –æ—á–µ–Ω—å —Å–ª–æ–∂–Ω—ã–π –º–∞—Ä—à—Ä—É—Ç —Ç–∞–∫—Å–∏ –µ—Ö–∞—Ç—å –≥–æ—Ä–∞ –æ—Ç—Ç—É–¥–∞ —Å–ø—É—Å–∫–∞—Ç—å—Å—è,52505.0,-57825647.0,[],1.0,3.0,0.0,1.0,7.0,"[{'id': 52516, 'from_id': 22790929, 'date': 1650524829, 'text': '[id2762316|–î–º–∏—Ç—Ä–∏–π], –∞ –Ω–∞ —Ç–∞–∫—Å–∏, –≤—ã –¥–æ –∫—É–¥–∞ –ø–æ–¥–Ω–∏–º–∞–µ—Ç–µ—Å—å?', 'post_id': 52505, 'owner_id': -57825647, 'parents_stack': [52508], 'likes': {'can_like': 1, 'count': 0, 'user_likes': 0, 'can_publish': 1}, 'reply_to_user': 2762316, 'reply_to_comment': 52508}, {'id': 52525, 'from_id': 2762316, 'date': 1650526740, 'text': '[id22790929|–Æ–ª–∏—è], –î–æ –º–µ–¥–æ–≤—ã—Ö –≤–æ–¥–æ–ø–∞–¥–æ–≤ –∏ –æ–±—Ä–∞—Ç–Ω–æ –ø–µ—à–∫–æ–º –ø–æ —É—â–µ–ª—å—é —Ä–µ–∫–∏ –ê–ª–∏–∫–æ–Ω–æ–≤–∫–∞, –¥–æ —Å–µ–ª–∞ –≠–ª—å–∫—É—à –∏ –æ–±—Ä–∞—Ç–Ω–æ –ø–æ —É—â–µ–ª—å—é —Ä–µ–∫–∏ –±–µ—Ä–µ–∑–æ–≤–∫–∞, –¥–æ –ø–æ—Å–µ–ª–∫–∞ –ù–∞—Ä–∑–∞–Ω–Ω—ã–π –∏ –æ–±—Ä–∞—Ç–Ω–æ –ø–æ —É—â–µ–ª—å—é —Ä–µ–∫–∏ –û–ª—å—Ö–æ–≤–∫–∞, –¥–æ –æ–ª–∏–º–ø–∏–π—Å–∫–æ–≥–æ –∫–æ–º–ø–ª–µ–∫—Å–∞ –∏ –æ–±—Ä–∞—Ç–Ω–æ —á–µ—Ä–µ–∑ –ø–∞—Ä–∫, –¥–æ —Å–∞–Ω–∞—Ç–æ—Ä–∏—è –ó–∞—Ä—è –∏ –æ–±—Ä–∞—Ç–Ω–æ —á–µ—Ä–µ–∑ –ø–∞—Ä–∫', 'post_id': 52505, 'owner_id': -57825647, 'parents_stack': [52508], 'likes': {'can_like': 1, 'count': 6, 'user_likes': 0, 'can_publish': 1}, 'reply_to_user': 22790929, 'reply_to_comment': 52516}, {'id': 52541, 'from_id': 503906915, 'date': 1650531465, 'text': '[id2762316|–î–º–∏—Ç—Ä–∏–π], –¥–æ–±—Ä—ã–π –¥–µ–Ω—å, —Å–∫–∞–∂–∏—Ç–µ –ø–æ–∂–∞–ª—É–π—Å—Ç–∞, –µ—Å—Ç—å –ª–∏ —Ç–∞–∫–∏–µ –º–∞—Ä—à—Ä—É—Ç—ã, –ø–æ –∫–æ—Ç–æ—Ä—ã–º –º–æ–∂–µ—Ç –ø—Ä–æ–µ—Ö–∞—Ç—å –Ω–µ–±–æ–ª—å—à–∞—è –¥–µ—Ç—Å–∫–∞—è –∫–æ–ª—è—Å–∫–∞?)‚ò∫ –†–µ–±—ë–Ω–∫—É 2 –≥–æ–¥–∞', 'post_id': 52505, 'owner_id': -57825647, 'parents_stack': [52508], 'likes': {'can_like': 1, 'count': 0, 'user_likes': 0, 'can_publish': 1}, 'reply_to_user': 2762316, 'reply_to_comment': 52525}, {'id': 52549, 'from_id': 2762316, 'date': 1650535126, 'text': '–í –ø–∞—Ä–∫–µ –µ—Å—Ç—å. –ü–æ —É—â–µ–ª—å—è–º –µ—Å–ª–∏ —Ç–æ–ª—å–∫–æ –Ω–µ–¥–∞–ª–µ–∫–æ', 'post_id': 52505, 'owner_id': -57825647, 'parents_stack': [52508], 'likes': {'can_like': 1, 'count': 1, 'user_likes': 0, 'can_publish': 1}, 'reply_to_user': 2762316, 'reply_to_comment': 52508}, {'id': 52567, 'from_id': 186813349, 'date': 1650545950, 'text': '[id2762316|–î–º–∏—Ç—Ä–∏–π], —á–∏—Ç–∞—é –∏ –∑–∞–≤–∏–¥—É—é! –í –º–æ–∏—Ö –º–µ—á—Ç–∞—Ö —Ç–∞–∫ –ø–æ–≥—É–ª—è—Ç—å. –ó–¥–æ—Ä–æ–≤–æ! üëç', 'post_id': 52505, 'owner_id': -57825647, 'parents_stack': [52508], 'likes': {'can_like': 1, 'count': 0, 'user_likes': 0, 'can_publish': 1}, 'reply_to_user': 2762316, 'reply_to_comment': 52525}, {'id': 52676, 'from_id': 1788720, 'date': 1650688315, 'text': '[id2762316|–î–º–∏—Ç—Ä–∏–π], –∞ —Å–∫–æ–ª—å–∫–æ –ø—Ä–∏–º–µ—Ä–Ω–æ —Ç–∞–∫—Å–∏ –¥–æ –º–µ–¥–æ–≤—ã—Ö —Å—Ç–æ–∏—Ç –æ—Ç –∂–¥ —Å—Ç–∞–Ω—Ü–∏–∏ –ö–∏—Å–ª–æ–≤–æ–¥—Å–∫?', 'post_id': 52505, 'owner_id': -57825647, 'parents_stack': [52508], 'likes': {'can_like': 1, 'count': 0, 'user_likes': 0, 'can_publish': 1}, 'reply_to_user': 2762316, 'reply_to_comment': 52525}, {'id': 52686, 'from_id': 2762316, 'date': 1650690254, 'text': '[id22790929|–Æ–ª–∏—è],–¥–æ –ø–æ—Å—ë–ª–∫–∞ –Ω–∞—Ä–µ–∑–∞–Ω–Ω—ã–π (–º–æ–∂–Ω–æ –∏ –Ω–∞ –∞–≤—Ç–æ–±—É—Å–µ) 150, –¥–æ —Å–µ–ª–∞ –≠–ª—å–∫—É—à 250 - 300, –î–æ –º–µ–¥–æ–≤—ã—Ö –≤–æ–¥–æ–ø–∞–¥–æ–≤ 500 - 600.', 'post_id': 52505, 'owner_id': -57825647, 'parents_stack': [52508], 'likes': {'can_like': 1, 'count': 0, 'user_likes': 0, 'can_publish': 1}, 'reply_to_user': 22790929, 'reply_to_comment': 52516}]",True,True,,,True,,,–µ—Å—Ç—å –ø—Ä–æ–∫–∞—Ç –∞ –≤–æ–æ–±—â–µ —Ç–æ  —Ç–∏ –ª–µ—Ç–∫–∞ —É–∂–µ –º–æ–∂–µ—Ç –∏ –≤—ã–¥–µ—Ä–∂–∞—Ç—å –≤—ã–±–∏—Ä–∞—Ç—å –Ω–µ –æ—á–µ–Ω—å —Å–ª–æ–∂–Ω—ã–µ –º–∞—Ä—à—Ä—É—Ç—ã –Ω–∞ —Ç–∞–∫—Å–∏ –µ—Ö–∞—Ç—å –≤ –≥–æ—Ä—É –∏ –æ—Ç—Ç—É–¥–∞ —Å–ø—É—Å–∫–∞—Ç—å—Å—è,NEGATIVE,0.7515497207641602
52512,166083058,1650524497,–¥—É–º–∞—Ç—å –æ–±—è–∑–∞—Ç–µ–ª—å–Ω–æ –º—è—Å–æ –≤–æ–∑–∏—Ç—å –æ—á–µ–Ω—å —É–¥–æ–±–Ω—ã–π,52505.0,-57825647.0,[],1.0,0.0,0.0,1.0,1.0,"[{'id': 52522, 'from_id': 170482869, 'date': 1650526383, 'text': '[id166083058|–ú–∞—Ä–∏–Ω–∞], –º—è—Å–æ —Ç—É—Ç —Å–≤–æ—ë –≤–∫—É—Å–Ω–æ–µ)', 'post_id': 52505, 'owner_id': -57825647, 'parents_stack': [52512], 'likes': {'can_like': 1, 'count': 1, 'user_likes': 0, 'can_publish': 1}, 'reply_to_user': 166083058, 'reply_to_comment': 52512}]",True,True,,,True,,,–¥—É–º–∞—é –æ–±—è–∑–∞—Ç–µ–ª—å–Ω–æ –º—è—Å–æ –≤–æ–∑–∏–º —ç—Ç–æ –æ—á–µ–Ω—å —É–¥–æ–±–Ω–æ,POSITIVE,0.8845545649528503
52518,147859735,1650524911,—Å–ø—Ä–∞—à–∏–≤–∞—Ç—å –≥–æ—Ä–æ–¥ –ø—Ä–æ–∫–∞—Ç —ç–ª–µ–∫—Ç—Ä–æ—Å–∞–º–æ–∫–∞—Ç —Ä–∏–º –±—Ä–∞—Ç—å —ç–∫—Å–∫—É—Ä—Å–∏—è —Å–∏–≥–≤–µ–π –≤–µ—Ç–µ—Ä–æ–∫ –º—ã—Å–ª—å —Å—Ç–æ–Ω–∞—Ç—å –Ω–æ–≥–∞ –¥–µ–Ω—å –æ–±–∫–∞—Ç–∞—Ç—å –¥–æ—Å—Ç–æ–ø—Ä–∏–º–µ—á–∞—Ç–µ–ª—å–Ω–æ—Å—Ç—å –∫—Ä–∞—Å–æ—Ç–∞ —Ä–µ–∑—É–ª—å—Ç–∞—Ç–∏–≤–Ω–æ—Å—Ç—å —Ö–æ—Ä–æ—à–∏–π –Ω–∞—Å—Ç—Ä–æ–µ–Ω–∏–µ —Å–æ—á–∏ –ø—Ä–æ—à–ª—ã–π –ª–µ—Ç–æ –∑–Ω–∞–∫–æ–º—ã–π –∞–∫—Ç–∏–≤–Ω–æ –ø–æ–ª—å–∑–æ–≤–∞—Ç—å—Å—è –≤–∏–¥ —Ç—Ä–∞–Ω—Å–ø–æ—Ä—Ç,52505.0,-57825647.0,[],1.0,0.0,0.0,1.0,6.0,"[{'id': 52520, 'from_id': 170482869, 'date': 1650525938, 'text': '[id147859735|Irina], –≠–ª–µ–∫—Ç—Ä–æ —Å–∞–º–æ–∫–∞—Ç—ã —Å–µ–π—á–∞—Å –ø—Ä–∏—Ä–∞–≤–Ω—è–ª–∏ –∫ —Ç—Ä–∞–Ω—Å–ø–æ—Ä—Ç–Ω–æ–º—É —Å—Ä–µ–¥—Å—Ç–≤—É. –ù–∞ –Ω–µ–≥–æ –Ω—É–∂–Ω—ã –ø—Ä–∞–≤–∞ –∏ –ø–µ—Ä–µ–¥–≤–∏–≥–∞—Ç—å—Å—è –æ–Ω –º–æ–∂–µ—Ç —Ç–æ–ª—å–∫–æ –ø–æ –ø—Ä–æ–µ–∑–∂–µ–π —á–∞—Å—Ç–∏. –í–Ω–µ –ø–∞—Ä–∫–∞!! –†–∞–Ω—å—à–µ –±—ã–ª–∏ –ø—Ä–æ–∫–∞—Ç—ã, –Ω–∞ –∫–∞–∂–¥–æ–º —à–∞–≥—É –ø—Ä–∞–∫—Ç–∏—á–µ—Å–∫–∏. –°–µ–π—á–∞—Å –Ω–µ—Ç', 'post_id': 52505, 'owner_id': -57825647, 'parents_stack': [52518], 'likes': {'can_like': 1, 'count': 4, 'user_likes': 0, 'can_publish': 1}, 'reply_to_user': 147859735, 'reply_to_comment': 52518}, {'id': 52526, 'from_id': 2762316, 'date': 1650526794, 'text': '[id147859735|Irina], https://veloki.ru/', 'post_id': 52505, 'owner_id': -57825647, 'parents_stack': [52518], 'attachments': [{'type': 'link', 'link': {'url': 'https://veloki.ru/', 'caption': 'veloki.ru', 'description': '–õ—É—á—à–∞—è —Ü–µ–Ω–∞ –Ω–∞ –ø—Ä–æ–∫–∞—Ç –≤–µ–ª–æ—Å–∏–ø–µ–¥–æ–≤ –≤ –ö–∏—Å–ª–æ–≤–æ–¥—Å–∫–µ. –ö–∞—Ä—Ç–∞ –≤–µ–ª–æ–º–∞—Ä—à—Ä—É—Ç–æ–≤ –ø–æ –ø–∞—Ä–∫—É –∏ –æ–∫—Ä–µ—Å—Ç–Ω–æ—Å—Ç—è–º –≥–æ—Ä–æ–¥–∞. –≠–ª–µ–∫—Ç—Ä–æ–≤–µ–ª–æ—Å–∏–ø–µ–¥—ã –∏ —ç–ª–µ–∫—Ç—Ä–æ—Å–∞–º–æ–∫–∞—Ç—ã.', 'is_favorite': False, 'photo': {'album_id': -26, 'date': 1650526794, 'id': 457393641, 'owner_id': 2000004628, 'sizes': [{'height': 130, 'type': 'm', 'width': 130, 'url': 'https://sun9-52.userapi.com/9plzi-mM-BX0DNFN4psprgDN0qG6cHwvfKFQoQ/A6Tv6O0dK_0.jpg'}, {'height': 260, 'type': 'p', 'width': 260, 'url': 'https://sun9-76.userapi.com/gDxviH25_hjXrm_HJ-17Ffa1RJfB1hZo5nYYfA/hPUqw1aHeps.jpg'}, {'height': 75, 'type': 's', 'width': 75, 'url': 'https://sun9-23.userapi.com/sLFQ1_NyYBn7vew2rY-4XCGEXc7z78LNuffpxA/ozMhQ6ZQO1o.jpg'}, {'height': 150, 'type': 'x', 'width': 150, 'url': 'https://sun9-36.userapi.com/ny4w7HWV7LJNctYXVCMIP55GRpG-Tl9oSYK_fw/t61zkjmGUnI.jpg'}], 'text': '', 'user_id': 100, 'has_tags': False}, 'title': '–ü—Ä–æ–∫–∞—Ç –≤–µ–ª–æ—Å–∏–ø–µ–¥–æ–≤, —ç–ª–µ–∫—Ç—Ä–æ—Å–∞–º–æ–∫–∞—Ç–æ–≤ –∏ —ç–ª–µ–∫—Ç—Ä–æ–≤–µ–ª–æ—Å–∏–ø–µ–¥–æ–≤ –≤ –ö–∏—Å–ª–æ–≤–æ–¥—Å–∫–µ ~ –í–µ–ª–æ–ö–∏'}}], 'likes': {'can_like': 1, 'count': 1, 'user_likes': 0, 'can_publish': 1}, 'reply_to_user': 147859735, 'reply_to_comment': 52518}, {'id': 52536, 'from_id': 147859735, 'date': 1650529449, 'text': '[id2762316|–î–º–∏—Ç—Ä–∏–π], —Å–ø–∞—Å–∏–±–æ! –°–æ—Ö—Ä–∞–Ω—é —Å–µ–±–µ!', 'post_id': 52505, 'owner_id': -57825647, 'parents_stack': [52518], 'likes': {'can_like': 1, 'count': 0, 'user_likes': 0, 'can_publish': 1}, 'reply_to_user': 2762316, 'reply_to_comment': 52526}, {'id': 52537, 'from_id': 147859735, 'date': 1650530052, 'text': '[id170482869|–ù–∞—Ç–∞–ª—å—è], —è —á–∏—Ç–∞–ª–∞, —á—Ç–æ –ø–æ–¥–æ–±–Ω—ã–µ –ø—Ä–∞–≤–∏–ª–∞ —Ä–∞—Å–ø—Ä–æ—Å—Ç—Ä–∞–Ω—è—é—Ç—Å—è –Ω–∞ —Å–∞–º–æ–∫–∞—Ç—ã –æ–ø—Ä–µ–¥–µ–ª–µ–Ω–Ω–æ–π –º–æ—â–Ω–æ—Å—Ç–∏. –¢–æ –µ—Å—Ç—å –Ω–µ –≤—Å–µ —Å–∞–º–æ–∫–∞—Ç—ã —Ç—Ä–∞–Ω—Å–ø–æ—Ä—Ç–Ω—ã–µ —Å—Ä–µ–¥—Å—Ç–≤–∞. –û—Å–º–æ—Ç—Ä–∏–º—Å—è –Ω–∞ –º–µ—Å—Ç–µ))!', 'post_id': 52505, 'owner_id': -57825647, 'parents_stack': [52518], 'likes': {'can_like': 1, 'count': 0, 'user_likes': 0, 'can_publish': 1}, 'reply_to_user': 170482869, 'reply_to_comment': 52520}, {'id': 52543, 'from_id': 170482869, 'date': 1650531614, 'text': '[id147859735|Irina], –ù—É –ø–æ –∫—Ä–∞–π–Ω–µ–π –º–µ—Ä–µ –≤ –ø—Ä–æ—à–ª–æ–º –≥–æ–¥—É –±—ã–ª–æ –º–Ω–æ–≥–æ –ø—Ä–æ–∫–∞—Ç–æ–≤, –≤ —ç—Ç–æ–º –≥–æ–¥—É –ø–æ–∫–∞ –Ω–∏ –æ–¥–Ω–æ–≥–æ –Ω–µ –≤–∏–¥–µ–ª–∞. –ü–æ—Å–º–æ—Ç—Ä–∏–º)', 'post_id': 52505, 'owner_id': -57825647, 'parents_stack': [52518], 'likes': {'can_like': 1, 'count': 1, 'user_likes': 0, 'can_publish': 1}, 'reply_to_user': 147859735, 'reply_to_comment': 52537}, {'id': 52584, 'from_id': 19686109, 'date': 1650552195, 'text': '[id170482869|–ù–∞—Ç–∞–ª—å—è], –∏ —Å–ª–∞–≤–∞ –ë–æ–≥—É. –ê —Ç–æ –∏–¥—ë—à—å –∏ –æ–≥–ª—è–¥—ã–≤–∞–µ—à—å—Å—è, –∫–∞–∫ –±—ã –Ω–µ —Å–±–∏–ª –∫—Ç–æ', 'post_id': 52505, 'owner_id': -57825647, 'parents_stack': [52518], 'likes': {'can_like': 1, 'count': 1, 'user_likes': 0, 'can_publish': 1}, 'reply_to_user': 170482869, 'reply_to_comment': 52520}]",True,True,,,True,,,–∫–∞–∫ —Ä–∞–∑ —Ö–æ—Ç–µ–ª–∞ —Å–ø—Ä–æ—Å–∏—Ç—å –æ–± —ç—Ç–æ–º –≤ –≥–æ—Ä–æ–¥–µ –µ—Å—Ç—å –ø—Ä–æ–∫–∞—Ç —ç–ª–µ–∫—Ç—Ä–æ—Å–∞–º–æ–∫–∞—Ç–æ–≤ –≤ —Ä–∏–º–µ –±—Ä–∞–ª–∏ —ç–∫—Å–∫—É—Ä—Å–∏–∏ –Ω–∞ —Å–∏–≥–≤–µ—è—Ö —Å –≤–µ—Ç–µ—Ä–∫–æ–º –∏ –±–µ–∑ –º—ã—Å–ª–µ–π –æ —Å—Ç–æ–Ω—É—â–∏—Ö –Ω–æ–≥–∞—Ö –∑–∞ –æ–¥–∏–Ω –¥–µ–Ω—å –æ–±–∫–∞—Ç–∞–ª–∏ –≤—Å–µ –¥–æ—Å—Ç–æ–ø—Ä–∏–º–µ—á–∞—Ç–µ–ª—å–Ω–æ—Å—Ç–∏ –∫—Ä–∞—Å–æ—Ç–∞ —Ä–µ–∑—É–ª—å—Ç–∞—Ç–∏–≤–Ω–æ—Å—Ç—å –∏ —Ö–æ—Ä–æ—à–µ–µ –Ω–∞—Å—Ç—Ä–æ–µ–Ω–∏–µ  –≤ —Å–æ—á–∏ –ø—Ä–æ—à–ª—ã–º –ª–µ—Ç–æ–º –∑–Ω–∞–∫–æ–º—ã–π —Ç–æ–∂–µ –∞–∫—Ç–∏–≤–Ω–æ –ø–æ–ª—å–∑–æ–≤–∞–ª—Å—è —ç—Ç–∏–º –≤–∏–¥–æ–º —Ç—Ä–∞–Ω—Å–ø–æ—Ä—Ç–∞,POSITIVE,0.9643312096595764
52521,2966255,1650526101,–æ–±—è–∑–∞—Ç–µ–ª—å–Ω–æ !!!,52505.0,-57825647.0,[],1.0,1.0,0.0,1.0,0.0,[],True,True,,,True,,,–æ–±—è–∑–∞—Ç–µ–ª—å–Ω–æ,NEUTRAL,0.8274333477020264
52523,170482869,1650526467,—Ç–∏ –ª–µ—Ç–æ–∫ –≥—É–ª—è—Ç—å –Ω—É–∂–Ω–æ .. —Å–∞–º–æ–∫–∞—Ç —Ç–µ–ª–µ—Ñ–æ–Ω .. –≤—ã–¥–µ—Ä–∂–∏–≤–∞—Ç—å –ø–µ—à–∏–π –ø—Ä–æ–≥—É–ª–∫–∞ ??,52505.0,-57825647.0,[],1.0,14.0,0.0,1.0,0.0,[],True,True,,,True,,,–º–æ–∂–µ—Ç —Ç–∏ –ª–µ—Ç–∫–µ –ø–æ–±–æ–ª—å—à–µ –≥—É–ª—è—Ç—å –Ω—É–∂–Ω–æ –±–µ–∑ —Å–∞–º–æ–∫–∞—Ç–æ–≤ –∏ —Ç–µ–ª–µ—Ñ–æ–Ω–æ–≤ –µ—Å–ª–∏ –æ–Ω –Ω–µ –≤—ã–¥–µ—Ä–∂–∏–≤–∞–µ—Ç –ø–µ—à–∏—Ö –ø—Ä–æ–≥—É–ª–æ–∫,NEUTRAL,0.8298166990280151
52527,2762316,1650526822,—Ä–∞–∑–Ω—ã–π —Å–ª–æ–∂–Ω–æ—Å—Ç—å –º–∞—Ä—à—Ä—É—Ç,52505.0,-57825647.0,[],1.0,0.0,0.0,1.0,0.0,[],True,True,,,True,,,—É –Ω–∞—Å –µ—Å—Ç—å —Ä–∞–∑–Ω—ã–µ –ø–æ —Å–ª–æ–∂–Ω–æ—Å—Ç–∏ –º–∞—Ä—à—Ä—É—Ç—ã,NEUTRAL,0.8298803567886353
52528,2762316,1650526861,—Å—ã–Ω –º–∏ –≥–æ–¥ —Ö–æ–¥–∏—Ç—å –ø–æ—Ö–æ–¥ —á–∞—Å –≥–æ—Ä–∞,52505.0,-57825647.0,[],1.0,8.0,0.0,1.0,5.0,"[{'id': 52566, 'from_id': 186813349, 'date': 1650545858, 'text': '[id2762316|–î–º–∏—Ç—Ä–∏–π], –∞ –µ—â—ë –∑–∞–º–µ—á–µ–Ω–æ, —á—Ç–æ –º–æ–∂–µ—à—å —É–π—Ç–∏ –æ—á–µ–Ω—å –¥–∞–ª–µ–∫–æ, –ø—Ä–æ—Ç–æ–ø–∞—Ç—å –≤–µ—Å—å –¥–µ–Ω—å –ø–æ –ø–∞—Ä–∫—É –∏ –Ω–∏—Å–∫–æ–ª—å–∫–æ –Ω–µ —É—Å—Ç–∞—Ç—å! –í–æ—Ç, —á—Ç–æ –∑–Ω–∞—á–∏—Ç –∑–¥—Ä–∞–≤–Ω–∏—Ü–∞! –ù–µ —Ç–æ, —á—Ç–æ –¥–æ–º–∞- –¥–æ –º–∞–≥–∞–∑–∏–Ω–∞ –¥–æ–ø–ª–µ–ª—Å—è, –∞ –Ω–∞–∑–∞–¥ –Ω–æ–∂–∫–∏ –Ω–µ –∏–¥—É—Ç üòä. –í—ã –º–æ–ª–æ–¥—Ü—ã! –ü—Ä—è–º –∑–∞–≤–∏–¥—É—é –≤–∞–º! –ú—ã —Ç–æ–∂–µ –ª—é–±–∏–º –º–Ω–æ–≥–æ —Ö–æ–¥–∏—Ç—å. –û—Å–æ–±–µ–Ω–Ω–æ –≤ –ö–∏—Å–ª–æ–≤–æ–¥—Å–∫–µ.', 'post_id': 52505, 'owner_id': -57825647, 'parents_stack': [52528], 'likes': {'can_like': 1, 'count': 5, 'user_likes': 0, 'can_publish': 1}, 'reply_to_user': 2762316, 'reply_to_comment': 52528}, {'id': 52568, 'from_id': 2762316, 'date': 1650546318, 'text': '[id186813349|–¢–∞—Ç—å—è–Ω–∞], –ù—É —É—Å—Ç–∞–ª–æ—Å—Ç—å –±—É–¥–µ—Ç, –Ω–æ —É—Å—Ç–∞–ª–æ—Å—Ç—å –ø—Ä–∏—è—Ç–Ω–∞—è', 'post_id': 52505, 'owner_id': -57825647, 'parents_stack': [52528], 'likes': {'can_like': 1, 'count': 0, 'user_likes': 0, 'can_publish': 1}, 'reply_to_user': 186813349, 'reply_to_comment': 52566}, {'id': 52570, 'from_id': 186813349, 'date': 1650546459, 'text': '[id2762316|–î–º–∏—Ç—Ä–∏–π], –∞ —É—Ç—Ä–æ–º- –∫–∞–∫ –æ–≥—É—Ä–µ—Ü! üòä –í –î–æ–º–±–∞–µ –Ω–∞ –¥–µ—Å—è—Ç–∫–∏ –∫–∏–ª–æ–º–µ—Ç—Ä–æ–≤ —É—Ö–æ–¥–∏–ª–∏, –ø–ª—é—Å –æ–±—Ä–∞—Ç–Ω–∞—è –¥–æ—Ä–æ–≥–∞, –Ω–∞ —Å–ª–µ–¥—É—é—â–∏–π –¥–µ–Ω—å –æ–ø—è—Ç—å –≤ –ø–æ—Ö–æ–¥. –í—Å—ë-—Ç–∞–∫–∏ —ç—Ç–æ –º–µ—Å—Ç–∞ —É –≤–∞—Å —Ç–∞–∫–∏–µüëç', 'post_id': 52505, 'owner_id': -57825647, 'parents_stack': [52528], 'likes': {'can_like': 1, 'count': 0, 'user_likes': 0, 'can_publish': 1}, 'reply_to_user': 2762316, 'reply_to_comment': 52568}, {'id': 52571, 'from_id': 2762316, 'date': 1650546633, 'text': '[id186813349|–¢–∞—Ç—å—è–Ω–∞], –≥–æ—Ä—ã –∑–∞—Ä—è–∂–∞—é—Ç —ç–Ω–µ—Ä–≥–∏–µ–π. –∏ –ø–æ–∫–∞ –≤ –≥–æ—Ä–∞—Ö –∏ –ø–æ–∫–∞ –∏–¥–µ—à—å —Å–∏–ª—ã –Ω–µ –ø–æ–∫–∏–Ω—É—Ç. —è –∫–∞–∫ —Ç–æ –ø—Ä–æ—à–µ–ª 20 –∫–º –∏ –Ω–∞—à–µ–ª –º–∏–Ω–µ—Ä–∞–ª—å–Ω—É—é —Ä–µ–∫—É. –ò—Å–∫—É–ø–∞–ª—Å—è, –≤–∑–±–æ–¥—Ä–∏–ª—Å—è –∏ –ø–æ—Ç–æ–º –µ—â–µ –ø—Ä–æ—à–µ–ª 25 –∫–º', 'post_id': 52505, 'owner_id': -57825647, 'parents_stack': [52528], 'likes': {'can_like': 1, 'count': 2, 'user_likes': 0, 'can_publish': 1}, 'reply_to_user': 186813349, 'reply_to_comment': 52570}, {'id': 52572, 'from_id': 186813349, 'date': 1650546659, 'text': '–ó–¥–æ—Ä–æ–≤–æ!', 'post_id': 52505, 'owner_id': -57825647, 'parents_stack': [52528], 'likes': {'can_like': 1, 'count': 0, 'user_likes': 0, 'can_publish': 1}, 'reply_to_user': 2762316, 'reply_to_comment': 52528}]",True,True,,,True,,,–º–æ–π —Å—ã–Ω —Å –º–∏ –ª–µ—Ç —Å–æ –º–Ω–æ–π —Ö–æ–¥–∏—Ç –≤ –ø–æ—Ö–æ–¥—ã –ø–æ  —á–∞—Å–æ–≤ –≤ –≥–æ—Ä—ã,NEUTRAL,0.6980669498443604
52551,210197886,1650535709,–Ω–∞–¥–µ—è—Ç—å—Å—è –ø–∞—Ä–∫ –∏—Å–ø–æ–≥–∞–Ω–∏–≤–∞—Ç—å —Å–∞–º–æ–∫–∞—Ç,52505.0,-57825647.0,[],1.0,2.0,0.0,1.0,0.0,[],True,True,,,True,,,–Ω–∞–¥–µ—é—Å—å –ø–∞—Ä–∫ –Ω–µ –∏—Å–ø–æ–≥–∞–Ω—è—Ç —Å–∞–º–æ–∫–∞—Ç–∞–º–∏,NEUTRAL,0.8297623991966248
52562,53315004,1650540960,—Å—Ç–æ—è—Ç—å !!!,52505.0,-57825647.0,[],1.0,0.0,0.0,1.0,0.0,[],True,True,,,True,,,–∫–æ–Ω–µ—á–Ω–æ —Å—Ç–æ–∏—Ç,NEUTRAL,0.7965362668037415
52565,32165877,1650543863,–Ω—É–∂–Ω—ã–π –∞–≤—Ç–æ—Ä –≤—Ä–∞—á —Å—Ç—Ä–∞–Ω–Ω—ã–π —Ç–µ–æ—Ä–∏—è –ø—Ä–æ–≥—É–ª–∫–∞ –≤—ã–¥–µ—Ä–∂–∏–≤–∞—Ç—å –≤—ã–¥–µ—Ä–∂–∏–≤–∞—Ç—å —Å–∞–º–æ–∫–∞—Ç —ç–ª–µ–∫—Ç—Ä–æ—Å–∞–º–æ–∫–∞—Ç  ((((   –∏–¥–µ–∞–ª –ø—Ä–∞–≤–∏–ª—å–Ω–æ –∑–∞–ø—Ä–µ—â–∞—Ç—å –∞–≤—Ç–æ—Ä –∫–æ–º–ø–∞–Ω–∏—è —Å–∞–º–æ–∫–∞—Ç—á–∏–∫ –ø–æ–µ–∑–¥–∫–∞ —Å—Ä–µ–¥–∏ —á–µ–ª–æ–≤–µ–∫ —Å—É—â–µ—Å—Ç–≤–æ–≤–∞—Ç—å –Ω–∏—á—Ç–æ –æ—Ç–≤—Ä–∞—Ç–∏—Ç–µ–ª—å–Ω—ã–π —á–µ–ª–æ–≤–µ–∫ —Å–∞–º–æ–∫–∞—Ç —Ö–æ—Ç—è –ø–ª–æ—Ö–æ–π —á–µ–ª–æ–≤–µ–∫ –ø–æ–¥—Ä–æ—Å—Ç–æ–∫ –µ–∑–¥–∏—Ç—å —Å—Ä–µ–¥–∏ –ø–µ—à–µ—Ö–æ–¥,52505.0,-57825647.0,[],1.0,10.0,0.0,1.0,1.0,"[{'id': 52569, 'from_id': 2762316, 'date': 1650546390, 'text': '[id32165877|–°—Ç–∞–Ω–∏—Å–ª–∞–≤], –Ω–µ –ø–æ–Ω–∏–º–∞—é –µ–∑–¥—É –Ω–∞ —Å–∞–º–æ–∫–∞—Ç–∞—Ö. –ê –≤–æ—Ç –Ω–∞ –≤–µ–ª–æ—Å–∏–ø–µ–¥–∞—Ö –ø—Ä–∏–≤–µ—Ç—Å—Ç–≤—É—é', 'post_id': 52505, 'owner_id': -57825647, 'parents_stack': [52565], 'likes': {'can_like': 1, 'count': 3, 'user_likes': 0, 'can_publish': 1}, 'reply_to_user': 32165877, 'reply_to_comment': 52565}]",True,True,,,True,,,–Ω—É–∂–µ–Ω –∞–≤—Ç–æ—Ä—É –≤—Ä–∞—á —Å—Ç—Ä–∞–Ω–Ω—ã–µ —Ç–µ–æ—Ä–∏–∏ —á—Ç–æ –ø—Ä–æ–≥—É–ª–∫–∏ —Ç–∞–∫–∏–µ –∫–æ—Ç–æ—Ä—ã–µ –Ω–∞–¥–æ –≤—ã–¥–µ—Ä–∂–∏–≤–∞—Ç—å –∞ –∫—Ç–æ –Ω–µ –≤—ã–¥–µ—Ä–∂–∏–≤–∞–µ—Ç —Ç–æ–º—É —Å–∞–º–æ–∫–∞—Ç —ç–ª–µ–∫—Ç—Ä–æ—Å–∞–º–æ–∫–∞—Ç   –≤ –∏–¥–µ–∞–ª–µ –ø—Ä–∞–≤–∏–ª—å–Ω–æ –∑–∞–ø—Ä–µ—Ç–∏—Ç—å –∞–≤—Ç–æ—Ä—É –∏ –≤—Å–µ–π –µ–≥–æ –∫–æ–º–ø–∞–Ω–∏–∏ —Å–∞–º–æ–∫–∞—Ç—á–∏–∫–æ–≤ –ø–æ–µ–∑–¥–∫–∏ —Å—Ä–µ–¥–∏ –ª—é–¥–µ–π –Ω–µ —Å—É—â–µ—Å—Ç–≤—É–µ—Ç –Ω–∏—á–µ–≥–æ –±–æ–ª–µ–µ –æ—Ç–≤—Ä–∞—Ç–∏—Ç–µ–ª—å–Ω–æ–≥–æ —á–µ–º –ª—é–¥–∏ –Ω–∞ —Å–∞–º–æ–∫–∞—Ç–∞—Ö —Ö–æ—Ç—è –¥–∞ –µ—Å—Ç—å —Ö—É–∂–µ –ª—é–¥–µ–π –ø–æ–¥—Ä–æ—Å—Ç–∫–∏ –µ–∑–¥—è—â–∏–µ —Å—Ä–µ–¥–∏ –ø–µ—à–µ—Ö–æ–¥–æ–≤,NEGATIVE,0.7513826489448547
52576,34449345,1650550229,–≥–ª–∞–≤–Ω–æ–µ —Å–∞–º–æ–∫–∞—Ç–æ–º —É–ª–µ—Ç–∞—Ç—å –∫—Ä—É—Ç–æ–π –æ–±—Ä—ã–≤ —Å–ø—É—Å–∫ –ø–µ—à–∫–æ–º –Ω–∞–¥–µ–∂–Ω—ã–π —á–µ–ª–æ–≤–µ–∫ –¥–æ—Ä–æ–∂–∫–∞ —É–∑–∫–∏–π —Å–∞–º–æ–∫–∞—Ç —è–≤–Ω–æ –º–µ—à–∞—Ç—å –ø—Ä–æ—Ö–æ–∂–∏–π –≤–≤–µ—Ä—Ö —Å–∞–º–æ–∫–∞—Ç —Å–ª–æ–∂–Ω–æ –≤–Ω–∏–∑ –æ–ø–∞—Å–Ω–æ –ª–∞–≤–æ—á–∫–∞ –æ—Ç–¥—ã—Ö,52505.0,-57825647.0,[],1.0,2.0,0.0,1.0,0.0,[],True,True,,,True,,,–≥–ª–∞–≤–Ω–æ–µ —á—Ç–æ –±—ã —Å —Å–∞–º–æ–∫–∞—Ç–æ–º –Ω–µ —É–ª–µ—Ç–µ–ª –≤ –∫—Ä—É—Ç—ã—Ö –æ–±—Ä—ã–≤–æ–≤ –∏ —Å–ø—É—Å–∫–æ–≤ –ø–µ—à–∫–æ–º –Ω–∞–¥—ë–∂–Ω–µ–µ –¥–∞ –∏ —Ç–∞–º –º–Ω–æ–≥–æ –ª—é–¥–µ–π –¥–æ—Ä–æ–∂–∫–∏ —É–∑–∫–∏–µ —Å–∞–º–æ–∫–∞—Ç —è–≤–Ω–æ –±—É–¥–µ—Ç –º–µ—à–∞—Ç—å –ø—Ä–æ—Ö–æ–∂–∏–º –≤–≤–µ—Ä—Ö –Ω–∞ —Å–∞–º–æ–∫–∞—Ç–µ —Å–ª–æ–∂–Ω–æ –≤–Ω–∏–∑ –æ–ø–∞—Å–Ω–æ –µ—Å—Ç—å –º–Ω–æ–≥–æ –ª–∞–≤–æ—á–µ–∫ –¥–ª—è –æ—Ç–¥—ã—Ö–∞,NEUTRAL,0.8198416829109192
52577,34449345,1650550430,–ø—Ä–∞–≤–∏–ª–æ –ø–∞—Ä–∫ –ø–æ—á–∏—Ç–∞—Ç—å –≤–∏–¥–µ—Ç—å –æ–≥—Ä–∞–Ω–∏—á–µ–Ω–∏–µ –≤—Å—è–∫–∏–π —Å–∞–º–æ–∫–∞—Ç –≤–µ–ª–∏–∫ –≤–∏–¥–µ—Ç—å,52505.0,-57825647.0,[],1.0,2.0,0.0,1.0,0.0,[],True,True,,,True,,,–µ—â—ë –Ω–∞–¥–æ –ø—Ä–∞–≤–∏–ª–∞ –ø–∞—Ä–∫–∞ –ø–æ—á–∏—Ç–∞—Ç—å —Ç–∞–º –≤–∏–¥–µ–ª–∞ –æ–≥—Ä–∞–Ω–∏—á–µ–Ω–∏—è –≤—Å—è–∫–∏–µ –∏ –Ω–∏ –æ–¥–Ω–æ–≥–æ –Ω–∞ —Å–∞–º–æ–∫–∞—Ç–µ –∏–ª–∏ –≤–µ–ª–∏–∫–µ –Ω–µ –≤–∏–¥–µ–ª–∞ –Ω–∏ —Ä–∞–∑—É,NEUTRAL,0.7791476845741272
52587,429758129,1650557976,—Å–∞–º–æ–∫–∞—Ç —ç–ª–µ–∫—Ç—Ä–æ—Å–∞–º–æ–∫–∞—Ç –ø—Ä–æ–±–ª–µ–º–∞—Ç–∏—á–Ω—ã–π –ø–∞—Ä–∫ –∫–∞–∫—Ç–æ –≤–∏–¥–µ—Ç—å —Ä–µ–±–µ–Ω–æ–∫ –≥–æ—Ä–∫–∞ –ª–µ—Ç–µ—Ç—å –∫—Ä–∏–∫ —Ä–æ–¥–∏—Ç–µ–ª—å —Å–≤–µ—Ä—Ö—É –±–µ–∂–∞—Ç—å –≤–≤–µ—Ä—Ö –ø–æ–¥–Ω–∏–º–∞—Ç—å—Å—è –º—É–∂—á–∏–Ω–∞ –ø–æ–º–æ–≥–∞—Ç—å —É–¥–µ—Ä–∂–∏–≤–∞—Ç—å –¥–æ—á—å –≥–æ–¥ –∫–º —Ä–∞—Å—Å–µ–∫–∞—Ç—å –Ω–∏—á—Ç–æ –Ω—ã—Ç—å,52505.0,-57825647.0,[],1.0,0.0,0.0,1.0,0.0,[],True,True,,,True,,,–Ω–∞ —Å–∞–º–æ–∫–∞—Ç–µ –∏ —É–∂ —Ç–µ–º –±–æ–ª–µ–µ —ç–ª–µ–∫—Ç—Ä–æ—Å–∞–º–æ–∫–∞—Ç–µ  –ø—Ä–æ–±–ª–µ–º–∞—Ç–∏—á–Ω–æ –≤ –ø–∞—Ä–∫–µ –±—É–¥–µ—Ç –∫–∞–∫—Ç–æ –≤–∏–¥–µ–ª–∞ –∫–∞–∫ —Ä–µ–±–µ–Ω–æ–∫ —Å –≥–æ—Ä–∫–∏ –ª–µ—Ç–µ–ª —Å –∫—Ä–∏–∫–∞–º–∏ —Ä–æ–¥–∏—Ç–µ–ª–∏ —Å–≤–µ—Ä—Ö—É –±–µ–∂–∞–ª–∏ —Ö–æ—Ä–æ—à–æ –≤–≤–µ—Ä—Ö –ø–æ–¥–Ω–∏–º–∞–ª—Å—è –º—É–∂—á–∏–Ω–∞ –∏ –ø–æ–º–æ–≥ —É–¥–µ—Ä–∂–∞—Ç—å –º–æ—è –¥–æ—á—å —Å  –ª–µ—Ç –ø–æ  –∫–º —Ä–∞—Å—Å–µ–∫–∞–µ—Ç –∏ –Ω–∏—á–µ–≥–æ –Ω–∏ —Ä–∞–∑—É –Ω–µ –Ω—ã–ª–∞,POSITIVE,0.970415472984314
52595,461742059,1650567814,–≥–æ–¥ –ø–æ–¥—Ä–æ—Å—Ç–æ–∫ –ø–µ—à–∫–æ–º —Ö–æ–¥–∏—Ç—å —Ä–∞–∑—É—á–∏–≤–∞—Ç—å—Å—è —Ö—Ä–µ–Ω –∫–∏—Å–ª–æ–≤–æ–¥—Å–∫ —Å–∞–º–æ–∫–∞—Ç –¥–æ—Ä–æ–≥–∞ —Å–ª–µ–¥–∏—Ç—å –æ–∫—Ä—É–∂–∞—é—â–∏–π –∫—Ä–∞—Å–æ—Ç–∞ –ª—é–±–æ–≤–∞—Ç—å—Å—è —á—Ä–µ–≤–∞—Ç—ã–π –ø–æ—Å–ª–µ–¥—Å—Ç–≤–∏–µ –≤–µ–∑–¥–µ —Å–ø—É—Å–∫ –µ–º—ã,52505.0,-57825647.0,[],1.0,3.0,0.0,1.0,1.0,"[{'id': 52597, 'from_id': 379927556, 'date': 1650569683, 'text': '[id461742059|–ò—Ä–∏–Ω–∞], –∏ –ª–µ—Å—Ç–Ω–∏—Ü –¥–æ–≤–æ–ª—å–Ω–æ –º–Ω–æ–≥–æ', 'post_id': 52505, 'owner_id': -57825647, 'parents_stack': [52595], 'likes': {'can_like': 1, 'count': 0, 'user_likes': 0, 'can_publish': 1}, 'reply_to_user': 461742059, 'reply_to_comment': 52595}]",True,True,,,True,,,—á—Ç–æ –≤  –ª–µ—Ç –ø–æ–¥—Ä–æ—Å—Ç–æ–∫ –ø–µ—à–∫–æ–º —Ö–æ–¥–∏—Ç—å —Ä–∞–∑—É—á–∏–ª—Å—è –Ω–∞ —Ö—Ä–µ–Ω–∞ –≤ –∫–∏—Å–ª–æ–≤–æ–¥—Å–∫–µ —Å–∞–º–æ–∫–∞—Ç —Ç–æ –ª–∏ –∑–∞ –¥–æ—Ä–æ–≥–æ–π –Ω–∞ –Ω–µ–º —Å–ª–µ–¥–∏—Ç—å —Ç–æ –ª–∏ –æ–∫—Ä—É–∂–∞—é—â–µ–π –∫—Ä–∞—Å–æ—Ç–æ–π –ª—é–±–æ–≤–∞—Ç—å—Å—è  –Ω–æ —ç—Ç–æ —á—Ä–µ–≤–∞—Ç–æ –ø–æ—Å–ª–µ–¥—Å—Ç–≤–∏—è–º–∏ —Ç–∞–º –∂–µ –≤–µ–∑–¥–µ —Å–ø—É—Å–∫–∏–ø–æ–¥–µ–º—ã,POSITIVE,0.8102514743804932
52596,379927556,1650569653,–ª–µ—Ç–∫–∞ –≤—ã–¥–µ—Ä–∂–∏–≤–∞—Ç—å –¥–∞–≤–∞—Ç—å –ª–µ—Ç–Ω–∏–π –±—Ä–∞—Ç—å –≥–æ–¥ –µ–∑–¥–∏—Ç—å –ø—Ä–µ–∫—Ä–∞—Å–Ω–æ –≥—É–ª—è—Ç—å –∑–∞–±—Ä–µ–¥–∞—Ç—å –≥–ª—É—Ö–æ–π –º–µ—Å—Ç–æ —Å–∞–º–æ–∫–∞—Ç –º–µ—à–∞—Ç—å –≤—ã–±–∏—Ä–∞—Ç—å—Å—è,52505.0,-57825647.0,[],1.0,1.0,0.0,1.0,0.0,[],True,True,,,True,,,–ª–µ—Ç–∫–∞ –Ω–µ –≤—ã–¥–µ—Ä–∂–∏—Ç–Ω—É –≤—ã –¥–∞—ë—Ç–µ —è —Ç–æ–ª—å–∫–æ  –ª–µ—Ç–Ω—é—é –Ω–µ –±—Ä–∞–ª–∞–∞ —Ç–∞–∫ –≤—Å–µ —Å  –ª–µ—Ç –≥–¥–µ —Ç–æ –µ–∑–¥–∏–ª–∏ –∏ –ø—Ä–µ–∫—Ä–∞—Å–Ω–æ –≥—É–ª—è–ª–∏–∞ –µ—Å–ª–∏ —É–∂ –∫—É–¥–∞ —Ç–æ –∑–∞–±—Ä–µ–¥–µ—à—å –≤ –≥–ª—É—Ö–æ–µ –º–µ—Å—Ç–æ —Ç–æ —Ç–∞–º —Å–∞–º–æ–∫–∞—Ç —Ç–æ–ª—å–∫–æ –º–µ—à–∞—Ç—å –±—É–¥–µ—Ç –≤—ã–±—Ä–∞—Ç—å—Å—è,NEGATIVE,0.7514536380767822
46101,524105892,1628782168,–º—ç—Ä —Å–ø—Ä–∞—à–∏–≤–∞—Ç—å,46098.0,-57825647.0,[],1.0,1.0,0.0,1.0,0.0,[],True,True,,,True,,,—É –º—ç—Ä–∞ —Å–≤–æ–µ–≥–æ —Å–ø—Ä–æ—Å–∏,NEUTRAL,0.8295618295669556
30397,256855268,1563765147,–∫–æ–ª–æ–Ω–Ω–∞–¥–∞ —Ü–µ–Ω–∞ –ø–æ–º–Ω–∏—Ç—å —Ç –±—Ä–∞—Ç—å,30322.0,-57825647.0,[],1.0,0.0,0.0,1.0,0.0,[],True,True,,,True,,,–º–æ–∂–Ω–æ  —É –∫–æ–ª–æ–Ω–Ω–∞–¥—ã—Ü–µ–Ω—É –Ω–µ –ø–æ–º–Ω—é —Ç–∫ —Å–∞–º –Ω–µ –±—Ä–∞–ª,NEUTRAL,0.8279293179512024
